學校代碼,學校名稱,日間∕進修別,等級別,總計,男生計,女生計,一年級男生,一年級女生,二年級男生,二年級女生,三年級男生,三年級女生,四年級男生,四年級女生,五年級男生,五年級女生,六年級男生,六年級女生,七年級男生,七年級女生,延修生男生,延修生女生,縣市名稱,體系別,lat,lng
23,國立雲林科技大學,D 日,B 四技,6287,3887,2400,988,558,993,573,897,596,848,608,0,0,0,0,0,0,161,65,09 雲林縣,2 技職,23.6960596,120.5340433
23,國立雲林科技大學,D 日,C 二技,195,80,115,0,0,0,0,36,57,39,51,0,0,0,0,0,0,5,7,09 雲林縣,2 技職,23.6960596,120.5340433
23,國立雲林科技大學,N 職,M 碩士,804,467,337,193,127,161,130,59,48,32,21,22,11,0,0,0,0,0,0,09 雲林縣,2 技職,23.6960596,120.5340433
1018,朝陽科技大學,D 日,D 博士,110,72,38,17,8,11,7,18,11,7,7,6,1,6,2,7,2,0,0,06 臺中市,2 技職,24.069678,120.714829
1018,朝陽科技大學,D 日,M 碩士,613,321,292,141,109,97,82,50,49,24,29,8,18,0,2,1,3,0,0,06 臺中市,2 技職,24.069678,120.714829
1025,嘉南藥理大學,N 修,B 四技,1461,740,721,165,142,151,132,170,186,199,229,0,0,0,0,0,0,55,32,11 臺南市,2 技職,22.9209971,120.2253459
1061,中華科技大學,N 修,B 四技,644,528,116,126,30,115,28,135,36,126,21,0,0,0,0,0,0,26,1,30 臺北市,2 技職,25.0336217,121.6099098
3002,臺北市立大學,N 職,M 碩士,1201,316,885,105,280,96,257,46,159,28,85,19,54,22,50,0,0,0,0,30 臺北市,1 一般,25.0355926,121.5140027
44,國立體育大學,D 日,M 碩士,339,189,150,71,63,59,50,32,24,27,13,0,0,0,0,0,0,0,0,03 桃園市,1 一般,25.0351268,121.3839182
44,國立體育大學,D 日,B 學士,1822,1152,670,302,176,269,171,246,146,250,152,0,0,0,0,0,0,85,25,03 桃園市,1 一般,25.0351268,121.3839182
44,國立體育大學,N 職,M 碩士,236,141,95,45,38,34,36,30,10,18,7,6,1,8,3,0,0,0,0,03 桃園市,1 一般,25.0351268,121.3839182
44,國立體育大學,N 修,C 二年制,93,58,35,0,0,0,0,36,17,19,14,0,0,0,0,0,0,3,4,03 桃園市,1 一般,25.0351268,121.3839182
46,國立臺北護理健康大學,D 日,D 博士,77,8,69,1,13,2,16,1,11,1,14,3,8,0,2,0,5,0,0,30 臺北市,2 技職,25.1175924,121.5210676
46,國立臺北護理健康大學,D 日,M 碩士,559,94,465,34,150,31,141,14,97,15,77,0,0,0,0,0,0,0,0,30 臺北市,2 技職,25.1175924,121.5210676
46,國立臺北護理健康大學,D 日,B 四技,2837,756,2081,181,532,195,525,167,475,178,468,0,0,0,0,0,0,35,81,30 臺北市,2 技職,25.1175924,121.5210676
46,國立臺北護理健康大學,D 日,C 二技,948,87,861,0,0,0,0,46,412,38,431,0,0,0,0,0,0,3,18,30 臺北市,2 技職,25.1175924,121.5210676
46,國立臺北護理健康大學,N 職,M 碩士,205,27,178,10,58,9,54,6,45,2,21,0,0,0,0,0,0,0,0,30 臺北市,2 技職,25.1175924,121.5210676
46,國立臺北護理健康大學,N 修,C 二技,739,32,707,0,0,0,0,9,245,12,233,10,214,0,0,0,0,1,15,30 臺北市,2 技職,25.1175924,121.5210676
47,國立高雄餐旅大學,D 日,D 博士,32,16,16,3,4,4,2,4,4,2,3,1,1,1,0,1,2,0,0,50 高雄市,2 技職,22.5632539,120.3723822
47,國立高雄餐旅大學,D 日,M 碩士,168,58,110,28,47,21,39,6,14,2,7,1,3,0,0,0,0,0,0,50 高雄市,2 技職,22.5632539,120.3723822
47,國立高雄餐旅大學,D 日,B 四技,3033,983,2050,256,490,245,507,225,507,243,532,0,0,0,0,0,0,14,14,50 高雄市,2 技職,22.5632539,120.3723822
47,國立高雄餐旅大學,D 日,C 二技,73,18,55,0,0,0,0,8,19,10,35,0,0,0,0,0,0,0,1,50 高雄市,2 技職,22.5632539,120.3723822
47,國立高雄餐旅大學,D 日,5 五專,249,97,152,17,32,17,34,22,28,22,26,17,28,0,0,0,0,2,4,50 高雄市,2 技職,22.5632539,120.3723822
47,國立高雄餐旅大學,N 職,M 碩士,36,15,21,5,8,7,9,2,2,1,1,0,1,0,0,0,0,0,0,50 高雄市,2 技職,22.5632539,120.3723822
47,國立高雄餐旅大學,N 修,B 四技,1010,361,649,110,162,80,138,78,146,87,192,0,0,0,0,0,0,6,11,50 高雄市,2 技職,22.5632539,120.3723822
47,國立高雄餐旅大學,N 修,C 二技,197,49,148,0,0,0,0,23,56,24,89,0,0,0,0,0,0,2,3,50 高雄市,2 技職,22.5632539,120.3723822
48,國立金門大學,D 日,M 碩士,200,112,88,61,42,34,32,13,9,4,5,0,0,0,0,0,0,0,0,71 金門縣,1 一般,24.4481499,118.322535
48,國立金門大學,D 日,B 學士,3074,1623,1451,444,398,416,324,356,348,323,341,18,14,0,0,0,0,66,26,71 金門縣,1 一般,24.4481499,118.322535
48,國立金門大學,N 職,M 碩士,112,74,38,27,21,23,15,11,1,13,1,0,0,0,0,0,0,0,0,71 金門縣,1 一般,24.4481499,118.322535
48,國立金門大學,P 進,B 學士,829,467,362,128,95,89,89,110,72,99,90,0,0,0,0,0,0,41,16,71 金門縣,1 一般,24.4481499,118.322535
49,國立臺灣體育運動大學,D 日,D 博士,13,5,8,2,3,3,5,0,0,0,0,0,0,0,0,0,0,0,0,19 臺中市,1 一般,24.1486798,120.6876707
49,國立臺灣體育運動大學,D 日,M 碩士,260,133,127,42,44,38,34,29,23,20,25,2,0,1,0,1,1,0,0,19 臺中市,1 一般,24.1486798,120.6876707
49,國立臺灣體育運動大學,D 日,B 學士,2346,1349,997,364,211,317,251,298,232,280,244,0,0,0,0,0,0,90,59,19 臺中市,1 一般,24.1486798,120.6876707
49,國立臺灣體育運動大學,N 職,M 碩士,114,72,42,28,14,24,14,14,7,5,3,1,2,0,2,0,0,0,0,19 臺中市,1 一般,24.1486798,120.6876707
49,國立臺灣體育運動大學,P 進,B 學士,388,273,115,73,30,64,22,57,22,49,28,0,0,0,0,0,0,30,13,19 臺中市,1 一般,24.1486798,120.6876707
50,國立臺中科技大學,D 日,M 碩士,430,178,252,80,110,65,98,24,30,9,14,0,0,0,0,0,0,0,0,19 臺中市,2 技職,24.1497433,120.6837712
50,國立臺中科技大學,D 日,B 四技,5424,1740,3684,498,932,413,918,394,868,374,889,0,0,0,0,0,0,61,77,19 臺中市,2 技職,24.1497433,120.6837712
50,國立臺中科技大學,D 日,C 二技,1346,282,1064,0,0,0,0,135,503,137,533,0,0,0,0,0,0,10,28,19 臺中市,2 技職,24.1497433,120.6837712
50,國立臺中科技大學,D 日,5 五專,3564,966,2598,215,512,211,551,211,536,163,499,141,445,0,0,0,0,25,55,19 臺中市,2 技職,24.1497433,120.6837712
50,國立臺中科技大學,N 職,M 碩士,244,102,142,49,73,35,54,12,10,6,5,0,0,0,0,0,0,0,0,19 臺中市,2 技職,24.1497433,120.6837712
50,國立臺中科技大學,N 修,B 四技,2179,763,1416,228,345,170,310,166,332,147,351,0,0,0,0,0,0,52,78,19 臺中市,2 技職,24.1497433,120.6837712
50,國立臺中科技大學,N 修,C 二技,1808,594,1214,0,0,0,0,274,628,275,516,0,0,0,0,0,0,45,70,19 臺中市,2 技職,24.1497433,120.6837712
1061,中華科技大學,N 修,C 二技,389,208,181,0,0,0,0,117,118,87,62,0,0,0,0,0,0,4,1,30 臺北市,2 技職,25.0336217,121.6099098
1061,中華科技大學,N 修,2 二專,118,77,41,40,12,34,23,0,0,0,0,0,0,0,0,0,0,3,6,30 臺北市,2 技職,25.0336217,121.6099098
1062,僑光科技大學,D 日,M 碩士,32,15,17,11,14,3,2,0,0,1,1,0,0,0,0,0,0,0,0,19 臺中市,2 技職,24.1895097,120.6430997
1062,僑光科技大學,D 日,B 四技,5899,2477,3422,586,791,597,749,601,875,606,948,0,0,0,0,0,0,87,59,19 臺中市,2 技職,24.1895097,120.6430997
1062,僑光科技大學,N 職,M 碩士,18,10,8,7,5,0,0,3,1,0,2,0,0,0,0,0,0,0,0,19 臺中市,2 技職,24.1895097,120.6430997
1062,僑光科技大學,N 修,B 四技,3892,2296,1596,601,348,474,328,530,414,530,419,0,0,0,0,0,0,161,87,19 臺中市,2 技職,24.1895097,120.6430997
1063,育達科技大學,D 日,M 碩士,164,72,92,27,35,20,23,8,5,17,29,0,0,0,0,0,0,0,0,05 苗栗縣,2 技職,24.6509745,120.8422629
1063,育達科技大學,D 日,B 四技,1558,796,762,144,135,134,145,216,140,214,269,0,0,0,0,0,0,88,73,05 苗栗縣,2 技職,24.6509745,120.8422629
1063,育達科技大學,N 職,M 碩士,161,89,72,22,34,41,24,14,7,12,7,0,0,0,0,0,0,0,0,05 苗栗縣,2 技職,24.6509745,120.8422629
1063,育達科技大學,N 修,B 四技,859,495,364,133,112,92,72,129,87,97,82,0,0,0,0,0,0,44,11,05 苗栗縣,2 技職,24.6509745,120.8422629
1063,育達科技大學,N 修,C 二技,1042,331,711,0,0,0,0,172,388,150,312,0,0,0,0,0,0,9,11,05 苗栗縣,2 技職,24.6509745,120.8422629
1064,美和科技大學,D 日,M 碩士,147,60,87,30,35,21,27,8,17,1,8,0,0,0,0,0,0,0,0,13 屏東縣,2 技職,22.603895,120.560668
1064,美和科技大學,D 日,B 四技,1987,825,1162,170,250,163,230,229,318,228,338,0,0,0,0,0,0,35,26,13 屏東縣,2 技職,22.603895,120.560668
1064,美和科技大學,D 日,C 二技,227,34,193,0,0,0,0,20,98,13,94,0,0,0,0,0,0,1,1,13 屏東縣,2 技職,22.603895,120.560668
1064,美和科技大學,D 日,5 五專,1637,223,1414,47,240,41,286,52,290,40,268,31,277,0,0,0,0,12,53,13 屏東縣,2 技職,22.603895,120.560668
1064,美和科技大學,N 職,M 碩士,217,49,168,15,55,14,39,12,69,8,4,0,1,0,0,0,0,0,0,13 屏東縣,2 技職,22.603895,120.560668
1064,美和科技大學,N 修,B 四技,521,195,326,46,76,36,85,33,58,62,89,0,0,0,0,0,0,18,18,13 屏東縣,2 技職,22.603895,120.560668
1064,美和科技大學,N 修,C 二技,1072,232,840,0,0,0,0,106,494,122,339,0,0,0,0,0,0,4,7,13 屏東縣,2 技職,22.603895,120.560668
1064,美和科技大學,N 修,2 二專,127,65,62,34,28,28,32,0,0,0,0,0,0,0,0,0,0,3,2,13 屏東縣,2 技職,22.603895,120.560668
1065,吳鳳科技大學,D 日,M 碩士,50,30,20,14,6,11,10,3,1,1,3,1,0,0,0,0,0,0,0,10 嘉義縣,2 技職,23.5360276,120.4341554
1065,吳鳳科技大學,D 日,B 四技,3040,2073,967,459,206,407,241,576,262,570,237,0,0,0,0,0,0,61,21,10 嘉義縣,2 技職,23.5360276,120.4341554
1065,吳鳳科技大學,N 職,M 碩士,62,40,22,22,14,15,8,3,0,0,0,0,0,0,0,0,0,0,0,10 嘉義縣,2 技職,23.5360276,120.4341554
1065,吳鳳科技大學,N 修,B 四技,771,577,194,147,39,118,48,143,41,140,64,0,0,0,0,0,0,29,2,10 嘉義縣,2 技職,23.5360276,120.4341554
1065,吳鳳科技大學,N 修,C 二技,768,371,397,0,0,0,0,164,221,206,175,0,0,0,0,0,0,1,1,10 嘉義縣,2 技職,23.5360276,120.4341554
1065,吳鳳科技大學,N 修,2 二專,224,129,95,63,51,64,44,0,0,0,0,0,0,0,0,0,0,2,0,10 嘉義縣,2 技職,23.5360276,120.4341554
1066,環球科技大學,D 日,M 碩士,127,58,69,19,25,22,17,11,18,6,9,0,0,0,0,0,0,0,0,09 雲林縣,2 技職,23.6798529,120.5531411
1066,環球科技大學,D 日,B 四技,1728,827,901,130,103,149,181,235,280,240,283,0,0,0,0,0,0,73,54,09 雲林縣,2 技職,23.6798529,120.5531411
1066,環球科技大學,N 職,M 碩士,71,27,44,8,22,13,12,4,9,1,0,1,1,0,0,0,0,0,0,09 雲林縣,2 技職,23.6798529,120.5531411
1066,環球科技大學,N 修,B 四技,452,238,214,46,23,55,47,56,51,75,75,0,0,0,0,0,0,6,18,09 雲林縣,2 技職,23.6798529,120.5531411
1066,環球科技大學,N 修,C 二技,325,138,187,0,0,0,0,52,90,76,84,0,0,0,0,0,0,10,13,09 雲林縣,2 技職,23.6798529,120.5531411
1066,環球科技大學,N 修,2 二專,128,92,36,60,24,29,12,0,0,0,0,0,0,0,0,0,0,3,0,09 雲林縣,2 技職,23.6798529,120.5531411
1067,台灣首府大學,D 日,M 碩士,53,11,42,5,17,3,20,3,3,0,2,0,0,0,0,0,0,0,0,11 臺南市,1 一般,23.1930713,120.2684501
1067,台灣首府大學,D 日,B 學士,590,278,312,20,27,37,48,77,96,123,124,0,0,0,0,0,0,21,17,11 臺南市,1 一般,23.1930713,120.2684501
1067,台灣首府大學,P 進,B 學士,168,104,64,15,14,15,12,18,16,44,20,0,0,0,0,0,0,12,2,11 臺南市,1 一般,23.1930713,120.2684501
1068,中州科技大學,D 日,M 碩士,2,1,1,0,0,0,0,0,1,1,0,0,0,0,0,0,0,0,0,07 彰化縣,2 技職,23.9576199,120.6040587
1068,中州科技大學,D 日,B 四技,554,334,220,24,12,56,18,104,81,116,95,0,0,0,0,0,0,34,14,07 彰化縣,2 技職,23.9576199,120.6040587
1068,中州科技大學,N 職,M 碩士,10,3,7,1,3,0,0,2,3,0,1,0,0,0,0,0,0,0,0,07 彰化縣,2 技職,23.9576199,120.6040587
1068,中州科技大學,N 修,B 四技,532,372,160,67,28,98,35,71,34,106,51,0,0,0,0,0,0,30,12,07 彰化縣,2 技職,23.9576199,120.6040587
1068,中州科技大學,N 修,C 二技,757,209,548,0,0,0,0,91,226,117,314,0,0,0,0,0,0,1,8,07 彰化縣,2 技職,23.9576199,120.6040587
1068,中州科技大學,N 修,2 二專,76,7,69,0,26,7,40,0,0,0,0,0,0,0,0,0,0,0,3,07 彰化縣,2 技職,23.9576199,120.6040587
1069,修平科技大學,D 日,M 碩士,77,50,27,23,15,18,11,5,0,4,1,0,0,0,0,0,0,0,0,06 臺中市,2 技職,24.0953128,120.7138722
1069,修平科技大學,D 日,B 四技,2833,2086,747,393,137,482,180,538,193,530,198,0,0,0,0,0,0,143,39,06 臺中市,2 技職,24.0953128,120.7138722
1003,東吳大學,P 進,B 學士,954,358,596,62,82,85,143,76,142,73,127,42,81,0,0,0,0,20,21,30 臺北市,1 一般,25.094415,121.545748
23,國立雲林科技大學,N 修,B 四技,217,96,121,37,36,23,33,16,25,15,24,0,0,0,0,0,0,5,3,09 雲林縣,2 技職,23.6960596,120.5340433
24,國立屏東科技大學,D 日,D 博士,256,158,98,30,20,24,17,26,17,21,12,18,12,11,8,28,12,0,0,13 屏東縣,2 技職,22.6433454,120.6098266
24,國立屏東科技大學,D 日,M 碩士,1094,608,486,287,224,216,169,73,59,32,27,0,4,0,3,0,0,0,0,13 屏東縣,2 技職,22.6433454,120.6098266
24,國立屏東科技大學,D 日,B 四技,7640,4117,3523,1060,855,972,840,922,865,930,808,41,59,0,0,0,0,192,96,13 屏東縣,2 技職,22.6433454,120.6098266
24,國立屏東科技大學,N 職,M 碩士,282,178,104,70,45,77,39,12,11,5,9,5,0,9,0,0,0,0,0,13 屏東縣,2 技職,22.6433454,120.6098266
24,國立屏東科技大學,N 修,B 四技,1415,908,507,248,122,240,120,196,124,160,111,0,0,0,0,0,0,64,30,13 屏東縣,2 技職,22.6433454,120.6098266
25,國立臺北科技大學,D 日,D 博士,750,578,172,85,29,101,37,109,31,83,21,59,9,52,14,89,31,0,0,30 臺北市,2 技職,25.0422329,121.5354974
25,國立臺北科技大學,D 日,M 碩士,3190,2326,864,1023,383,1033,357,206,94,64,30,0,0,0,0,0,0,0,0,30 臺北市,2 技職,25.0422329,121.5354974
25,國立臺北科技大學,D 日,B 四技,6236,4418,1818,1094,430,1097,435,1070,452,977,433,0,0,0,0,0,0,180,68,30 臺北市,2 技職,25.0422329,121.5354974
25,國立臺北科技大學,D 日,C 二技,22,14,8,0,0,0,0,0,0,10,6,0,0,0,0,0,0,4,2,30 臺北市,2 技職,25.0422329,121.5354974
25,國立臺北科技大學,D 日,5 五專,121,100,21,23,3,28,4,24,8,25,6,0,0,0,0,0,0,0,0,30 臺北市,2 技職,25.0422329,121.5354974
25,國立臺北科技大學,N 職,M 碩士,1604,1100,504,362,207,403,180,150,57,92,35,52,11,41,14,0,0,0,0,30 臺北市,2 技職,25.0422329,121.5354974
25,國立臺北科技大學,N 修,B 四技,1695,1430,265,254,62,364,71,374,61,362,66,0,0,0,0,0,0,76,5,30 臺北市,2 技職,25.0422329,121.5354974
25,國立臺北科技大學,N 修,C 二技,3,2,1,0,0,0,0,0,0,0,0,0,0,0,0,0,0,2,1,30 臺北市,2 技職,25.0422329,121.5354974
28,國立臺北藝術大學,D 日,D 博士,109,52,57,10,11,9,7,11,10,6,12,8,4,3,6,5,7,0,0,30 臺北市,1 一般,25.1325182,121.4696818
28,國立臺北藝術大學,D 日,M 碩士,943,320,623,95,198,88,183,66,141,71,101,0,0,0,0,0,0,0,0,30 臺北市,1 一般,25.1325182,121.4696818
28,國立臺北藝術大學,D 日,B 學士,1746,643,1103,149,268,140,240,138,245,120,224,0,0,0,0,0,0,96,126,30 臺北市,1 一般,25.1325182,121.4696818
28,國立臺北藝術大學,D 日,X 4+X,1,1,0,0,0,0,0,0,0,0,0,0,0,0,0,0,0,1,0,30 臺北市,1 一般,25.1325182,121.4696818
28,國立臺北藝術大學,D 日,5 七年,84,41,43,13,15,15,15,13,13,0,0,0,0,0,0,0,0,0,0,30 臺北市,1 一般,25.1325182,121.4696818
28,國立臺北藝術大學,N 職,M 碩士,180,53,127,15,41,13,38,17,28,5,15,3,5,0,0,0,0,0,0,30 臺北市,1 一般,25.1325182,121.4696818
29,國立臺灣藝術大學,D 日,D 博士,150,67,83,17,15,13,21,15,13,10,17,7,8,4,5,1,4,0,0,01 新北市,1 一般,25.0058674,121.4475607
29,國立臺灣藝術大學,D 日,M 碩士,756,279,477,91,159,82,138,61,120,45,59,0,1,0,0,0,0,0,0,01 新北市,1 一般,25.0058674,121.4475607
29,國立臺灣藝術大學,D 日,B 學士,2353,684,1669,164,389,158,378,143,392,149,372,0,0,0,0,0,0,70,138,01 新北市,1 一般,25.0058674,121.4475607
29,國立臺灣藝術大學,N 職,M 碩士,403,171,232,42,65,40,49,37,66,26,30,16,11,10,11,0,0,0,0,01 新北市,1 一般,25.0058674,121.4475607
29,國立臺灣藝術大學,N 修,C 二技,355,85,270,0,0,0,0,44,103,31,122,0,0,0,0,0,0,10,45,01 新北市,2 技職,25.0058674,121.4475607
29,國立臺灣藝術大學,P 進,B 學士,1597,506,1091,112,266,119,239,104,260,105,234,0,0,0,0,0,0,66,92,01 新北市,1 一般,25.0058674,121.4475607
30,國立臺東大學,D 日,D 博士,43,17,26,3,3,4,3,3,4,4,5,0,2,0,4,3,5,0,0,14 臺東縣,1 一般,22.736571,121.067897
30,國立臺東大學,D 日,M 碩士,399,165,234,61,92,39,65,44,46,19,24,2,6,0,1,0,0,0,0,14 臺東縣,1 一般,22.736571,121.067897
30,國立臺東大學,D 日,B 學士,3690,1837,1853,470,505,445,460,427,437,396,404,0,0,0,0,0,0,99,47,14 臺東縣,1 一般,22.736571,121.067897
30,國立臺東大學,N 職,M 碩士,609,174,435,66,156,59,150,20,59,12,27,6,20,5,13,6,10,0,0,14 臺東縣,1 一般,22.736571,121.067897
30,國立臺東大學,N 修,C 二技,110,45,65,0,0,0,0,24,34,20,31,0,0,0,0,0,0,1,0,14 臺東縣,2 技職,22.736571,121.067897
30,國立臺東大學,P 進,B 學士,289,126,163,42,59,25,55,29,28,21,11,0,0,0,0,0,0,9,10,14 臺東縣,1 一般,22.736571,121.067897
31,國立宜蘭大學,D 日,D 博士,17,11,6,5,2,0,0,3,1,1,2,0,0,2,1,0,0,0,0,02 宜蘭縣,1 一般,24.7462462,121.7477007
31,國立宜蘭大學,D 日,M 碩士,500,333,167,146,72,125,52,39,26,21,13,1,4,1,0,0,0,0,0,02 宜蘭縣,1 一般,24.7462462,121.7477007
31,國立宜蘭大學,D 日,B 學士,4476,2826,1650,778,418,678,393,639,406,604,410,0,0,0,0,0,0,127,23,02 宜蘭縣,1 一般,24.7462462,121.7477007
31,國立宜蘭大學,N 職,M 碩士,218,159,59,58,27,54,22,20,5,16,3,5,0,6,2,0,0,0,0,02 宜蘭縣,1 一般,24.7462462,121.7477007
31,國立宜蘭大學,P 進,B 學士,426,272,154,65,34,58,37,60,41,64,30,0,0,0,0,0,0,25,12,02 宜蘭縣,1 一般,24.7462462,121.7477007
32,國立聯合大學,D 日,D 博士,19,18,1,5,0,2,1,3,0,2,0,2,0,3,0,1,0,0,0,05 苗栗縣,1 一般,24.5458044,120.81232
32,國立聯合大學,D 日,M 碩士,407,289,118,128,56,91,39,42,13,24,7,3,3,1,0,0,0,0,0,05 苗栗縣,1 一般,24.5458044,120.81232
32,國立聯合大學,D 日,B 學士,6104,4202,1902,1075,490,1044,479,976,431,920,453,17,17,0,0,0,0,170,32,05 苗栗縣,1 一般,24.5458044,120.81232
1017,實踐大學,P 進,B 學士,1682,542,1140,78,207,132,270,139,306,139,265,0,0,0,0,0,0,54,92,30 臺北市,1 一般,25.083982,121.5459518
1083,台北海洋科技大學,D 日,C 二技,184,125,59,0,0,0,0,60,28,53,25,0,0,0,0,0,0,12,6,01 新北市,2 技職,25.1921692,121.4267044
1083,台北海洋科技大學,D 日,2 二專,51,49,2,21,1,27,1,0,0,0,0,0,0,0,0,0,0,1,0,01 新北市,2 技職,25.1921692,121.4267044
1083,台北海洋科技大學,D 日,5 五專,696,426,270,73,54,77,45,99,59,75,60,82,40,0,0,0,0,20,12,01 新北市,2 技職,25.1921692,121.4267044
1083,台北海洋科技大學,N 修,B 四技,216,108,108,37,33,23,42,21,14,24,17,0,0,0,0,0,0,3,2,01 新北市,2 技職,25.1921692,121.4267044
1083,台北海洋科技大學,N 修,C 二技,516,221,295,0,0,0,0,134,162,86,130,0,0,0,0,0,0,1,3,01 新北市,2 技職,25.1921692,121.4267044
1083,台北海洋科技大學,N 修,2 二專,81,73,8,46,2,23,6,0,0,0,0,0,0,0,0,0,0,4,0,01 新北市,2 技職,25.1921692,121.4267044
1084,亞東科技大學,D 日,M 碩士,51,43,8,17,5,15,1,9,0,2,2,0,0,0,0,0,0,0,0,01 新北市,2 技職,24.995194,121.4531189
1084,亞東科技大學,D 日,B 四技,3848,2805,1043,599,237,676,260,690,272,725,256,0,0,0,0,0,0,115,18,01 新北市,2 技職,24.995194,121.4531189
1084,亞東科技大學,D 日,C 二技,177,8,169,0,0,0,0,5,85,3,84,0,0,0,0,0,0,0,0,01 新北市,2 技職,24.995194,121.4531189
1084,亞東科技大學,N 修,C 二技,147,1,146,0,0,0,0,0,50,0,50,1,46,0,0,0,0,0,0,01 新北市,2 技職,24.995194,121.4531189
1125,中信金融管理學院,D 日,M 碩士,117,58,59,26,35,16,19,11,4,5,1,0,0,0,0,0,0,0,0,21 臺南市,1 一般,23.0637267,120.1629674
1125,中信金融管理學院,D 日,B 學士,765,470,295,171,83,109,87,98,60,83,65,0,0,0,0,0,0,9,0,21 臺南市,1 一般,23.0637267,120.1629674
1125,中信金融管理學院,N 職,M 碩士,37,15,22,11,19,4,3,0,0,0,0,0,0,0,0,0,0,0,0,21 臺南市,1 一般,23.0637267,120.1629674
1148,大漢技術學院,D 日,M 碩士,87,51,36,21,17,16,14,14,5,0,0,0,0,0,0,0,0,0,0,15 花蓮縣,2 技職,24.0392272,121.6057039
1148,大漢技術學院,D 日,B 四技,197,112,85,18,11,24,18,29,20,31,32,0,0,0,0,0,0,10,4,15 花蓮縣,2 技職,24.0392272,121.6057039
1148,大漢技術學院,N 修,B 四技,294,188,106,46,39,57,24,41,24,37,17,0,0,0,0,0,0,7,2,15 花蓮縣,2 技職,24.0392272,121.6057039
1148,大漢技術學院,N 修,C 二技,219,118,101,0,0,0,0,61,48,51,53,0,0,0,0,0,0,6,0,15 花蓮縣,2 技職,24.0392272,121.6057039
1148,大漢技術學院,N 修,2 二專,107,55,52,28,30,27,20,0,0,0,0,0,0,0,0,0,0,0,2,15 花蓮縣,2 技職,24.0392272,121.6057039
1159,和春技術學院,D 日,B 四技,77,61,16,0,0,15,2,10,2,23,7,0,0,0,0,0,0,13,5,12 高雄市,2 技職,22.6080409,120.4270968
1159,和春技術學院,D 日,5 五專,34,18,16,0,0,0,0,3,0,3,2,11,12,0,0,0,0,1,2,12 高雄市,2 技職,22.6080409,120.4270968
1159,和春技術學院,N 修,B 四技,32,26,6,0,0,7,0,7,2,7,3,0,0,0,0,0,0,5,1,12 高雄市,2 技職,22.6080409,120.4270968
1159,和春技術學院,N 修,C 二技,106,76,30,0,0,0,0,0,0,69,26,0,0,0,0,0,0,7,4,12 高雄市,2 技職,22.6080409,120.4270968
1159,和春技術學院,N 修,2 二專,52,43,9,0,0,33,7,0,0,0,0,0,0,0,0,0,0,10,2,12 高雄市,2 技職,22.6080409,120.4270968
1168,南亞技術學院,D 日,M 碩士,11,9,2,0,0,2,1,4,1,3,0,0,0,0,0,0,0,0,0,03 桃園市,2 技職,24.9369569,121.2516879
1168,南亞技術學院,D 日,B 四技,1168,748,420,139,70,195,101,216,102,168,111,0,0,0,0,0,0,30,36,03 桃園市,2 技職,24.9369569,121.2516879
1168,南亞技術學院,D 日,5 五專,196,118,78,18,12,16,14,26,13,20,20,30,17,0,0,0,0,8,2,03 桃園市,2 技職,24.9369569,121.2516879
1168,南亞技術學院,N 修,B 四技,391,239,152,37,32,29,37,75,27,76,41,0,0,0,0,0,0,22,15,03 桃園市,2 技職,24.9369569,121.2516879
1168,南亞技術學院,N 修,C 二技,966,338,628,0,0,0,0,88,315,239,304,0,0,0,0,0,0,11,9,03 桃園市,2 技職,24.9369569,121.2516879
1168,南亞技術學院,N 修,2 二專,30,20,10,0,0,16,8,0,0,0,0,0,0,0,0,0,0,4,2,03 桃園市,2 技職,24.9369569,121.2516879
1182,蘭陽技術學院,D 日,B 四技,132,79,53,0,0,8,10,13,4,52,35,0,0,0,0,0,0,6,4,02 宜蘭縣,2 技職,24.864987,121.817719
1182,蘭陽技術學院,D 日,5 五專,130,71,59,0,0,5,6,10,8,19,20,22,16,0,0,0,0,15,9,02 宜蘭縣,2 技職,24.864987,121.817719
1182,蘭陽技術學院,N 修,C 二技,63,34,29,0,0,0,0,0,0,34,29,0,0,0,0,0,0,0,0,02 宜蘭縣,2 技職,24.864987,121.817719
1183,黎明技術學院,D 日,B 四技,3550,1877,1673,390,437,404,404,460,390,531,382,0,0,0,0,0,0,92,60,01 新北市,2 技職,25.0662724,121.4210118
1183,黎明技術學院,D 日,5 五專,380,316,64,54,14,67,16,50,10,64,10,70,12,0,0,0,0,11,2,01 新北市,2 技職,25.0662724,121.4210118
1183,黎明技術學院,N 修,B 四技,1259,786,473,293,159,162,104,175,96,130,102,0,0,0,0,0,0,26,12,01 新北市,2 技職,25.0662724,121.4210118
1183,黎明技術學院,N 修,C 二技,65,15,50,0,0,0,0,10,29,4,21,0,0,0,0,0,0,1,0,01 新北市,2 技職,25.0662724,121.4210118
1185,經國管理暨健康學院,D 日,M 碩士,48,4,44,1,19,1,17,1,5,1,3,0,0,0,0,0,0,0,0,17 基隆市,2 技職,25.1500306,121.7277801
1185,經國管理暨健康學院,D 日,B 四技,1643,613,1030,98,175,102,179,185,317,173,277,0,0,0,0,0,0,55,82,17 基隆市,2 技職,25.1500306,121.7277801
1185,經國管理暨健康學院,D 日,C 二技,173,23,150,0,0,0,0,7,73,13,74,0,0,0,0,0,0,3,3,17 基隆市,2 技職,25.1500306,121.7277801
1185,經國管理暨健康學院,D 日,5 五專,1012,259,753,49,158,48,154,57,125,52,135,41,126,0,0,0,0,12,55,17 基隆市,2 技職,25.1500306,121.7277801
1185,經國管理暨健康學院,N 職,M 碩士,40,12,28,8,12,1,13,2,1,1,1,0,1,0,0,0,0,0,0,17 基隆市,2 技職,25.1500306,121.7277801
1185,經國管理暨健康學院,N 修,B 四技,9,7,2,0,0,0,0,0,0,0,0,0,0,0,0,0,0,7,2,17 基隆市,2 技職,25.1500306,121.7277801
32,國立聯合大學,N 職,M 碩士,42,26,16,12,8,12,7,2,1,0,0,0,0,0,0,0,0,0,0,05 苗栗縣,1 一般,24.5458044,120.81232
32,國立聯合大學,P 進,B 學士,1083,748,335,189,76,149,62,166,80,195,79,0,0,0,0,0,0,49,38,05 苗栗縣,1 一般,24.5458044,120.81232
1032,明新科技大學,N 修,C 二技,654,339,315,0,0,0,0,185,138,147,170,0,0,0,0,0,0,7,7,04 新竹縣,2 技職,24.8641986,120.9906648
51,國立臺北商業大學,D 日,D 博士,8,7,1,3,0,2,1,2,0,0,0,0,0,0,0,0,0,0,0,30 臺北市,2 技職,25.0418903,121.5256203
51,國立臺北商業大學,D 日,M 碩士,301,129,172,51,77,69,87,5,8,4,0,0,0,0,0,0,0,0,0,30 臺北市,2 技職,25.0418903,121.5256203
51,國立臺北商業大學,D 日,B 四技,2461,786,1675,205,400,185,408,203,431,177,394,0,0,0,0,0,0,16,42,30 臺北市,2 技職,25.0418903,121.5256203
51,國立臺北商業大學,D 日,C 二技,645,138,507,0,0,0,0,61,239,67,260,0,0,0,0,0,0,10,8,30 臺北市,2 技職,25.0418903,121.5256203
51,國立臺北商業大學,D 日,5 五專,1704,482,1222,93,224,94,255,94,251,106,218,84,247,0,0,0,0,11,27,30 臺北市,2 技職,25.0418903,121.5256203
51,國立臺北商業大學,N 職,M 碩士,68,28,40,14,21,10,15,4,4,0,0,0,0,0,0,0,0,0,0,30 臺北市,2 技職,25.0418903,121.5256203
51,國立臺北商業大學,N 修,B 四技,907,327,580,101,159,95,148,68,137,52,113,0,0,0,0,0,0,11,23,30 臺北市,2 技職,25.0418903,121.5256203
51,國立臺北商業大學,N 修,C 二技,903,308,595,0,0,0,0,149,276,143,297,0,0,0,0,0,0,16,22,30 臺北市,2 技職,25.0418903,121.5256203
51,國立臺北商業大學,N 修,2 二專,493,159,334,83,173,76,161,0,0,0,0,0,0,0,0,0,0,0,0,30 臺北市,2 技職,25.0418903,121.5256203
52,國立屏東大學,D 日,D 博士,47,24,23,4,6,7,3,3,5,3,4,2,3,3,1,2,1,0,0,13 屏東縣,1 一般,22.6659053,120.5048409
52,國立屏東大學,D 日,M 碩士,910,340,570,144,219,113,174,37,108,46,66,0,3,0,0,0,0,0,0,13 屏東縣,1 一般,22.6659053,120.5048409
52,國立屏東大學,D 日,B 學士,6630,2786,3844,739,933,681,917,649,916,609,971,0,0,0,0,0,0,108,107,13 屏東縣,1 一般,22.6659053,120.5048409
52,國立屏東大學,N 職,M 碩士,727,227,500,74,165,69,136,34,101,30,49,16,38,4,10,0,1,0,0,13 屏東縣,1 一般,22.6659053,120.5048409
52,國立屏東大學,P 進,B 學士,823,388,435,99,109,102,127,68,93,78,80,0,0,0,0,0,0,41,26,13 屏東縣,1 一般,22.6659053,120.5048409
53,國立高雄科技大學,D 日,D 博士,621,465,156,110,52,79,26,79,30,64,16,55,7,25,12,53,13,0,0,50 高雄市,2 技職,22.7556518,120.3320979
53,國立高雄科技大學,D 日,M 碩士,2530,1722,808,803,428,711,279,138,62,69,39,0,0,1,0,0,0,0,0,50 高雄市,2 技職,22.7556518,120.3320979
53,國立高雄科技大學,D 日,B 四技,17453,10790,6663,2702,1728,2708,1660,2461,1604,2523,1518,0,0,0,0,0,0,396,153,50 高雄市,2 技職,22.7556518,120.3320979
53,國立高雄科技大學,D 日,C 二技,439,269,170,0,0,0,0,123,82,105,71,0,0,0,0,0,0,41,17,50 高雄市,2 技職,22.7556518,120.3320979
53,國立高雄科技大學,D 日,5 五專,798,650,148,129,30,109,34,140,33,175,33,75,17,0,0,0,0,22,1,50 高雄市,2 技職,22.7556518,120.3320979
53,國立高雄科技大學,N 職,M 碩士,2010,1290,720,489,330,454,282,167,63,87,23,50,9,43,13,0,0,0,0,50 高雄市,2 技職,22.7556518,120.3320979
53,國立高雄科技大學,N 修,B 四技,3938,2640,1298,630,309,597,302,605,313,563,306,0,0,0,0,0,0,245,68,50 高雄市,2 技職,22.7556518,120.3320979
53,國立高雄科技大學,N 修,C 二技,113,69,44,0,0,0,0,34,24,29,17,0,0,0,0,0,0,6,3,50 高雄市,2 技職,22.7556518,120.3320979
144,國立臺灣戲曲學院,D 日,B 四技,539,186,353,49,84,51,83,33,87,44,82,0,0,0,0,0,0,9,17,30 臺北市,2 技職,25.0819234,121.586525
144,國立臺灣戲曲學院,N 修,B 四技,2,1,1,0,0,0,0,0,0,0,0,0,0,0,0,0,0,1,1,30 臺北市,2 技職,25.0819234,121.586525
221,國立臺南護理專科學校,D 日,2 二專,99,7,92,1,37,6,52,0,0,0,0,0,0,0,0,0,0,0,3,21 臺南市,2 技職,22.9956656,120.207567
221,國立臺南護理專科學校,D 日,5 五專,1804,163,1641,32,340,36,335,33,319,31,317,29,321,0,0,0,0,2,9,21 臺南市,2 技職,22.9956656,120.207567
221,國立臺南護理專科學校,N 修,2 二專,23,6,17,6,17,0,0,0,0,0,0,0,0,0,0,0,0,0,0,21 臺南市,2 技職,22.9956656,120.207567
222,國立臺東專科學校,D 日,2 二專,573,407,166,184,86,216,77,0,0,0,0,0,0,0,0,0,0,7,3,14 臺東縣,2 技職,22.7586954,121.1226973
222,國立臺東專科學校,D 日,5 五專,266,127,139,25,14,21,17,31,23,16,28,24,44,0,0,0,0,10,13,14 臺東縣,2 技職,22.7586954,121.1226973
222,國立臺東專科學校,N 修,2 二專,116,65,51,24,28,36,21,0,0,0,0,0,0,0,0,0,0,5,2,14 臺東縣,2 技職,22.7586954,121.1226973
1001,東海大學,D 日,D 博士,253,152,101,29,13,18,10,21,23,24,14,24,12,15,8,21,21,0,0,19 臺中市,1 一般,24.1798677,120.604492
1001,東海大學,D 日,M 碩士,1300,631,669,220,271,208,184,93,125,100,80,2,5,8,4,0,0,0,0,19 臺中市,1 一般,24.1798677,120.604492
1001,東海大學,D 日,B 學士,13147,5830,7317,1529,1793,1405,1764,1242,1788,1315,1736,9,18,0,0,0,0,330,218,19 臺中市,1 一般,24.1798677,120.604492
1001,東海大學,N 職,M 碩士,763,380,383,129,138,112,119,53,63,37,31,25,19,24,13,0,0,0,0,19 臺中市,1 一般,24.1798677,120.604492
1001,東海大學,P 進,B 學士,404,209,195,21,27,34,32,31,31,52,47,34,44,0,0,0,0,37,14,19 臺中市,1 一般,24.1798677,120.604492
1002,輔仁大學,D 日,D 博士,427,228,199,39,34,35,25,40,35,30,27,32,29,21,24,31,25,0,0,01 新北市,1 一般,25.0334487,121.4334756
1002,輔仁大學,D 日,M 碩士,1969,799,1170,300,458,232,340,155,232,105,133,5,6,2,1,0,0,0,0,01 新北市,1 一般,25.0334487,121.4334756
1002,輔仁大學,D 日,B 學士,17751,7282,10469,1794,2510,1655,2682,1715,2461,1604,2456,38,13,35,17,0,0,441,330,01 新北市,1 一般,25.0334487,121.4334756
1002,輔仁大學,N 職,M 碩士,1492,553,939,214,325,166,307,81,147,42,75,25,51,25,34,0,0,0,0,01 新北市,1 一般,25.0334487,121.4334756
1018,朝陽科技大學,D 日,B 四技,11467,4970,6497,1282,1598,1134,1556,1139,1557,1137,1627,0,0,0,0,0,0,278,159,06 臺中市,2 技職,24.069678,120.714829
1018,朝陽科技大學,D 日,C 二技,55,19,36,0,0,0,0,12,9,6,26,0,0,0,0,0,0,1,1,06 臺中市,2 技職,24.069678,120.714829
1018,朝陽科技大學,N 職,M 碩士,339,152,187,39,49,39,52,17,18,18,24,16,12,16,22,7,10,0,0,06 臺中市,2 技職,24.069678,120.714829
1018,朝陽科技大學,N 修,B 四技,2071,1051,1020,177,182,204,203,262,275,327,286,0,0,0,0,0,0,81,74,06 臺中市,2 技職,24.069678,120.714829
1019,高雄醫學大學,D 日,D 博士,319,151,168,36,33,27,31,28,33,20,27,16,20,12,14,12,10,0,0,50 高雄市,1 一般,22.6452028,120.310411
1019,高雄醫學大學,D 日,M 碩士,754,233,521,112,190,82,201,28,84,11,45,0,1,0,0,0,0,0,0,50 高雄市,1 一般,22.6452028,120.310411
1019,高雄醫學大學,D 日,B 學士,5247,2199,3048,516,713,454,741,465,672,442,691,134,97,143,94,0,0,45,40,50 高雄市,1 一般,22.6452028,120.310411
1019,高雄醫學大學,N 職,M 碩士,208,87,121,37,59,30,41,8,10,7,9,5,2,0,0,0,0,0,0,50 高雄市,1 一般,22.6452028,120.310411
1020,南華大學,D 日,D 博士,54,33,21,6,3,7,3,6,4,6,4,5,4,2,1,1,2,0,0,10 嘉義縣,1 一般,29.7199489,-95.3422334
1020,南華大學,D 日,M 碩士,552,219,333,95,142,65,91,30,65,27,35,2,0,0,0,0,0,0,0,10 嘉義縣,1 一般,29.7199489,-95.3422334
1020,南華大學,D 日,B 學士,4199,1986,2213,469,539,454,534,458,543,463,539,0,0,0,0,0,0,142,58,10 嘉義縣,1 一般,29.7199489,-95.3422334
1020,南華大學,N 職,M 碩士,370,140,230,68,78,31,62,17,49,14,29,10,12,0,0,0,0,0,0,10 嘉義縣,1 一般,29.7199489,-95.3422334
1020,南華大學,P 進,B 學士,297,182,115,49,46,41,26,48,21,33,18,0,0,0,0,0,0,11,4,10 嘉義縣,1 一般,29.7199489,-95.3422334
1021,真理大學,D 日,M 碩士,118,69,49,23,20,18,14,16,11,12,4,0,0,0,0,0,0,0,0,01 新北市,1 一般,25.1751815,121.4344674
1021,真理大學,D 日,B 學士,4861,2404,2457,544,539,680,607,538,558,481,654,0,0,0,0,0,0,161,99,01 新北市,1 一般,25.1751815,121.4344674
1021,真理大學,N 職,M 碩士,20,8,12,2,4,2,4,1,3,2,1,1,0,0,0,0,0,0,0,01 新北市,1 一般,25.1751815,121.4344674
1021,真理大學,P 進,B 學士,11,8,3,0,0,0,0,0,0,5,0,0,0,0,0,0,0,3,3,01 新北市,1 一般,25.1751815,121.4344674
1022,大同大學,D 日,D 博士,94,61,33,16,5,10,3,11,7,5,10,9,2,4,3,6,3,0,0,30 臺北市,1 一般,25.0671544,121.521804
1022,大同大學,D 日,M 碩士,221,149,72,67,30,42,34,26,5,14,3,0,0,0,0,0,0,0,0,30 臺北市,1 一般,25.0671544,121.521804
1022,大同大學,D 日,B 學士,3525,2176,1349,542,359,547,318,517,309,453,325,0,0,0,0,0,0,117,38,30 臺北市,1 一般,25.0671544,121.521804
1022,大同大學,N 職,M 碩士,140,114,26,41,6,13,5,22,4,21,5,17,6,0,0,0,0,0,0,30 臺北市,1 一般,25.0671544,121.521804
1023,南臺科技大學,D 日,D 博士,93,63,30,12,10,9,4,10,5,12,5,7,5,5,1,8,0,0,0,11 臺南市,2 技職,23.0254548,120.2264886
1023,南臺科技大學,D 日,M 碩士,753,428,325,201,128,123,105,60,43,28,29,10,10,6,10,0,0,0,0,11 臺南市,2 技職,23.0254548,120.2264886
1023,南臺科技大學,D 日,B 四技,12285,7069,5216,1664,1245,1710,1203,1724,1287,1593,1322,0,0,0,0,0,0,378,159,11 臺南市,2 技職,23.0254548,120.2264886
1023,南臺科技大學,D 日,C 二技,118,14,104,0,0,0,0,5,50,9,54,0,0,0,0,0,0,0,0,11 臺南市,2 技職,23.0254548,120.2264886
1023,南臺科技大學,D 日,5 五專,316,285,31,76,7,78,13,64,6,67,4,0,0,0,0,0,0,0,1,11 臺南市,2 技職,23.0254548,120.2264886
1023,南臺科技大學,N 職,M 碩士,311,153,158,54,58,51,62,18,16,9,14,12,5,9,3,0,0,0,0,11 臺南市,2 技職,23.0254548,120.2264886
1023,南臺科技大學,N 修,B 四技,3193,2070,1123,365,183,401,208,521,299,538,326,0,0,0,0,0,0,245,107,11 臺南市,2 技職,23.0254548,120.2264886
1023,南臺科技大學,N 修,C 二技,153,54,99,0,0,0,0,21,46,27,47,0,0,0,0,0,0,6,6,11 臺南市,2 技職,23.0254548,120.2264886
1024,崑山科技大學,D 日,D 博士,32,26,6,5,1,5,0,5,3,6,1,3,1,0,0,2,0,0,0,11 臺南市,2 技職,22.9977586,120.2530937
1024,崑山科技大學,D 日,M 碩士,299,179,120,97,61,65,46,8,5,9,8,0,0,0,0,0,0,0,0,11 臺南市,2 技職,22.9977586,120.2530937
1024,崑山科技大學,D 日,B 四技,6756,4136,2620,988,572,852,576,1053,673,996,698,0,0,0,0,0,0,247,101,11 臺南市,2 技職,22.9977586,120.2530937
1024,崑山科技大學,D 日,C 二技,49,23,26,0,0,0,0,23,26,0,0,0,0,0,0,0,0,0,0,11 臺南市,2 技職,22.9977586,120.2530937
1024,崑山科技大學,N 職,M 碩士,146,94,52,42,28,40,19,8,4,4,1,0,0,0,0,0,0,0,0,11 臺南市,2 技職,22.9977586,120.2530937
1024,崑山科技大學,N 修,B 四技,2384,1625,759,394,171,322,162,380,186,406,183,0,0,0,0,0,0,123,57,11 臺南市,2 技職,22.9977586,120.2530937
1024,崑山科技大學,N 修,C 二技,291,163,128,0,0,0,0,93,63,67,62,0,0,0,0,0,0,3,3,11 臺南市,2 技職,22.9977586,120.2530937
1024,崑山科技大學,N 修,2 二專,13,7,6,0,0,4,5,0,0,0,0,0,0,0,0,0,0,3,1,11 臺南市,2 技職,22.9977586,120.2530937
1025,嘉南藥理大學,D 日,M 碩士,174,82,92,31,41,34,43,9,6,8,2,0,0,0,0,0,0,0,0,11 臺南市,2 技職,22.9209971,120.2253459
1025,嘉南藥理大學,D 日,B 四技,9010,3815,5195,898,1205,896,1169,976,1364,897,1361,0,0,0,0,0,0,148,96,11 臺南市,2 技職,22.9209971,120.2253459
1025,嘉南藥理大學,D 日,C 二技,94,4,90,0,0,0,0,0,48,4,41,0,0,0,0,0,0,0,1,11 臺南市,2 技職,22.9209971,120.2253459
1025,嘉南藥理大學,N 職,M 碩士,198,85,113,36,52,35,44,10,14,4,1,0,1,0,1,0,0,0,0,11 臺南市,2 技職,22.9209971,120.2253459
33,國立虎尾科技大學,D 日,D 博士,57,49,8,13,2,11,2,7,0,7,0,5,1,6,1,0,2,0,0,09 雲林縣,2 技職,23.7026129,120.4294895
33,國立虎尾科技大學,D 日,M 碩士,912,747,165,390,93,279,54,63,11,15,7,0,0,0,0,0,0,0,0,09 雲林縣,2 技職,23.7026129,120.4294895
33,國立虎尾科技大學,D 日,B 四技,7340,5609,1731,1454,446,1390,439,1298,417,1276,409,0,0,0,0,0,0,191,20,09 雲林縣,2 技職,23.7026129,120.4294895
33,國立虎尾科技大學,D 日,C 二技,235,181,54,0,0,0,0,94,28,80,26,0,0,0,0,0,0,7,0,09 雲林縣,2 技職,23.7026129,120.4294895
33,國立虎尾科技大學,D 日,2 二專,64,60,4,34,0,17,4,0,0,0,0,0,0,0,0,0,0,9,0,09 雲林縣,2 技職,23.7026129,120.4294895
33,國立虎尾科技大學,D 日,5 五專,238,207,31,58,11,73,9,34,4,42,7,0,0,0,0,0,0,0,0,09 雲林縣,2 技職,23.7026129,120.4294895
33,國立虎尾科技大學,N 職,M 碩士,193,142,51,65,23,41,14,16,6,14,4,6,4,0,0,0,0,0,0,09 雲林縣,2 技職,23.7026129,120.4294895
33,國立虎尾科技大學,N 修,B 四技,2200,1791,409,546,99,401,97,429,99,331,104,0,0,0,0,0,0,84,10,09 雲林縣,2 技職,23.7026129,120.4294895
33,國立虎尾科技大學,N 修,C 二技,169,112,57,0,0,0,0,46,33,64,21,0,0,0,0,0,0,2,3,09 雲林縣,2 技職,23.7026129,120.4294895
35,國立臺南藝術大學,D 日,D 博士,58,25,33,8,9,5,8,3,4,4,4,2,1,2,5,1,2,0,0,11 臺南市,1 一般,23.1860115,120.3743165
35,國立臺南藝術大學,D 日,M 碩士,548,196,352,66,100,50,96,41,69,38,85,1,1,0,1,0,0,0,0,11 臺南市,1 一般,23.1860115,120.3743165
35,國立臺南藝術大學,D 日,B 學士,786,251,535,74,126,48,128,51,120,55,132,0,0,0,0,0,0,23,29,11 臺南市,1 一般,23.1860115,120.3743165
35,國立臺南藝術大學,D 日,5 七年,173,77,96,24,35,30,28,23,33,0,0,0,0,0,0,0,0,0,0,11 臺南市,1 一般,23.1860115,120.3743165
35,國立臺南藝術大學,N 職,M 碩士,51,16,35,5,11,6,9,2,6,0,1,0,3,2,2,1,3,0,0,11 臺南市,1 一般,23.1860115,120.3743165
36,國立臺南大學,D 日,D 博士,153,64,89,9,18,12,11,8,15,6,13,9,12,6,8,14,12,0,0,21 臺南市,1 一般,22.9847814,120.2079978
36,國立臺南大學,D 日,M 碩士,988,414,574,145,196,135,157,78,103,51,104,3,11,2,3,0,0,0,0,21 臺南市,1 一般,22.9847814,120.2079978
36,國立臺南大學,D 日,B 學士,3955,1840,2115,463,537,443,510,439,517,424,501,0,0,0,0,0,0,71,50,21 臺南市,1 一般,22.9847814,120.2079978
36,國立臺南大學,N 職,M 碩士,662,208,454,65,152,72,143,27,73,31,60,12,20,1,6,0,0,0,0,21 臺南市,1 一般,22.9847814,120.2079978
36,國立臺南大學,P 進,B 學士,181,107,74,24,19,32,19,29,13,19,19,0,0,0,0,0,0,3,4,21 臺南市,1 一般,22.9847814,120.2079978
37,國立臺北教育大學,D 日,D 博士,154,69,85,6,14,6,12,11,12,7,12,11,7,9,9,19,19,0,0,30 臺北市,3 師範,25.023387,121.5453446
37,國立臺北教育大學,D 日,M 碩士,1418,440,978,148,299,121,282,73,169,78,168,15,40,4,11,1,9,0,0,30 臺北市,3 師範,25.023387,121.5453446
37,國立臺北教育大學,D 日,B 學士,3318,1101,2217,273,536,278,517,241,539,253,558,0,0,0,0,0,0,56,67,30 臺北市,3 師範,25.023387,121.5453446
37,國立臺北教育大學,N 職,M 碩士,1048,262,786,109,274,80,252,33,104,20,94,5,14,15,47,0,1,0,0,30 臺北市,3 師範,25.023387,121.5453446
39,國立臺中教育大學,D 日,D 博士,106,40,66,5,9,6,7,6,12,4,13,4,9,8,7,7,9,0,0,19 臺中市,3 師範,24.1436581,120.6718274
39,國立臺中教育大學,D 日,M 碩士,882,284,598,100,203,92,178,56,124,30,80,2,9,4,4,0,0,0,0,19 臺中市,3 師範,24.1436581,120.6718274
39,國立臺中教育大學,D 日,B 學士,3234,1158,2076,306,511,272,505,271,511,246,508,0,0,0,0,0,0,63,41,19 臺中市,3 師範,24.1436581,120.6718274
39,國立臺中教育大學,N 職,M 碩士,783,167,616,49,204,51,190,25,100,20,82,14,25,8,15,0,0,0,0,19 臺中市,3 師範,24.1436581,120.6718274
42,國立澎湖科技大學,D 日,M 碩士,87,45,42,16,19,17,14,10,7,2,2,0,0,0,0,0,0,0,0,16 澎湖縣,2 技職,23.5745775,119.5810053
42,國立澎湖科技大學,D 日,B 四技,2583,1583,1000,401,209,383,253,368,255,334,252,0,0,0,0,0,0,97,31,16 澎湖縣,2 技職,23.5745775,119.5810053
42,國立澎湖科技大學,D 日,5 五專,68,65,3,35,0,11,0,9,2,10,1,0,0,0,0,0,0,0,0,16 澎湖縣,2 技職,23.5745775,119.5810053
42,國立澎湖科技大學,N 職,M 碩士,40,26,14,9,7,15,4,2,3,0,0,0,0,0,0,0,0,0,0,16 澎湖縣,2 技職,23.5745775,119.5810053
42,國立澎湖科技大學,N 修,B 四技,285,139,146,31,36,30,32,34,35,42,36,0,0,0,0,0,0,2,7,16 澎湖縣,2 技職,23.5745775,119.5810053
43,國立勤益科技大學,D 日,D 博士,45,39,6,14,2,13,1,8,2,1,0,1,1,1,0,1,0,0,0,06 臺中市,2 技職,24.1436055,120.7317181
43,國立勤益科技大學,D 日,M 碩士,618,465,153,221,76,186,59,43,15,14,3,1,0,0,0,0,0,0,0,06 臺中市,2 技職,24.1436055,120.7317181
43,國立勤益科技大學,D 日,B 四技,6812,4703,2109,1251,558,1126,504,1086,503,1062,514,0,0,0,0,0,0,178,30,06 臺中市,2 技職,24.1436055,120.7317181
43,國立勤益科技大學,D 日,C 二技,143,108,35,0,0,0,0,56,18,25,4,0,0,0,0,0,0,27,13,06 臺中市,2 技職,24.1436055,120.7317181
43,國立勤益科技大學,N 職,M 碩士,292,228,64,101,30,87,27,26,2,7,2,3,3,4,0,0,0,0,0,06 臺中市,2 技職,24.1436055,120.7317181
43,國立勤益科技大學,N 修,B 四技,3679,3103,576,891,154,753,133,663,122,604,136,0,0,0,0,0,0,192,31,06 臺中市,2 技職,24.1436055,120.7317181
43,國立勤益科技大學,N 修,C 二技,445,357,88,0,0,0,0,183,45,162,40,0,0,0,0,0,0,12,3,06 臺中市,2 技職,24.1436055,120.7317181
43,國立勤益科技大學,N 修,2 二專,408,295,113,114,47,124,54,0,0,0,0,0,0,0,0,0,0,57,12,06 臺中市,2 技職,24.1436055,120.7317181
44,國立體育大學,D 日,D 博士,153,105,48,15,10,17,8,23,7,15,2,9,8,12,6,14,7,0,0,03 桃園市,1 一般,25.0351268,121.3839182
1025,嘉南藥理大學,N 修,C 二技,521,78,443,0,0,0,0,44,239,28,202,0,0,0,0,0,0,6,2,11 臺南市,2 技職,22.9209971,120.2253459
1026,樹德科技大學,D 日,D 博士,32,13,19,3,3,0,2,1,2,3,0,6,12,0,0,0,0,0,0,12 高雄市,2 技職,22.7638734,120.3761881
1026,樹德科技大學,D 日,M 碩士,214,89,125,40,55,23,35,11,12,15,23,0,0,0,0,0,0,0,0,12 高雄市,2 技職,22.7638734,120.3761881
1026,樹德科技大學,D 日,B 四技,7383,3226,4157,791,983,694,905,756,1034,790,1107,0,0,0,0,0,0,195,128,12 高雄市,2 技職,22.7638734,120.3761881
1026,樹德科技大學,D 日,C 二技,2,0,2,0,0,0,0,0,0,0,1,0,0,0,0,0,0,0,1,12 高雄市,2 技職,22.7638734,120.3761881
1026,樹德科技大學,N 職,M 碩士,365,170,195,51,82,51,44,24,29,44,40,0,0,0,0,0,0,0,0,12 高雄市,2 技職,22.7638734,120.3761881
1026,樹德科技大學,N 修,B 四技,1114,637,477,162,139,122,89,155,116,160,108,0,0,0,0,0,0,38,25,12 高雄市,2 技職,22.7638734,120.3761881
1026,樹德科技大學,N 修,C 二技,538,231,307,0,0,0,0,118,157,106,145,0,0,0,0,0,0,7,5,12 高雄市,2 技職,22.7638734,120.3761881
1026,樹德科技大學,N 修,2 二專,395,204,191,109,92,89,88,0,0,0,0,0,0,0,0,0,0,6,11,12 高雄市,2 技職,22.7638734,120.3761881
1027,慈濟大學,D 日,D 博士,111,53,58,6,16,10,8,9,12,7,4,5,3,6,7,10,8,0,0,15 花蓮縣,1 一般,23.9928054,121.5912448
1027,慈濟大學,D 日,M 碩士,374,111,263,48,111,34,75,18,47,10,30,1,0,0,0,0,0,0,0,15 花蓮縣,1 一般,23.9928054,121.5912448
1027,慈濟大學,D 日,B 學士,2844,1117,1727,259,407,236,425,247,389,247,388,60,37,27,31,0,0,41,50,15 花蓮縣,1 一般,23.9928054,121.5912448
1027,慈濟大學,N 職,M 碩士,19,4,15,1,1,1,5,1,4,0,3,1,2,0,0,0,0,0,0,15 花蓮縣,1 一般,23.9928054,121.5912448
1028,臺北醫學大學,D 日,D 博士,581,317,264,69,65,65,54,65,49,52,45,24,21,28,18,14,12,0,0,30 臺北市,1 一般,25.0253584,121.5616235
1028,臺北醫學大學,D 日,M 碩士,691,224,467,105,215,85,194,20,37,13,20,1,1,0,0,0,0,0,0,30 臺北市,1 一般,25.0253584,121.5616235
1028,臺北醫學大學,D 日,B 學士,4551,1867,2684,410,619,342,647,391,589,342,545,179,111,155,114,0,0,48,59,30 臺北市,1 一般,25.0253584,121.5616235
1028,臺北醫學大學,N 職,M 碩士,314,87,227,48,76,25,70,5,44,9,37,0,0,0,0,0,0,0,0,30 臺北市,1 一般,25.0253584,121.5616235
1029,中山醫學大學,D 日,D 博士,178,109,69,24,8,22,15,24,14,12,11,10,7,8,9,9,5,0,0,19 臺中市,1 一般,24.122047,120.6511434
1029,中山醫學大學,D 日,M 碩士,532,175,357,67,150,72,127,25,57,11,23,0,0,0,0,0,0,0,0,19 臺中市,1 一般,24.122047,120.6511434
1029,中山醫學大學,D 日,B 學士,6055,2158,3897,503,950,439,881,474,930,429,853,105,100,124,84,0,0,84,99,19 臺中市,1 一般,24.122047,120.6511434
1029,中山醫學大學,N 職,M 碩士,165,29,136,10,64,11,44,5,13,2,4,1,11,0,0,0,0,0,0,19 臺中市,1 一般,24.122047,120.6511434
1029,中山醫學大學,N 修,C 二技,122,39,83,0,0,0,0,12,28,13,25,11,29,0,0,0,0,3,1,19 臺中市,2 技職,24.122047,120.6511434
1030,龍華科技大學,D 日,M 碩士,322,219,103,89,39,76,44,33,13,21,7,0,0,0,0,0,0,0,0,03 桃園市,2 技職,25.0192933,121.4020546
1030,龍華科技大學,D 日,B 四技,7618,5121,2497,1301,529,1226,621,1078,564,1164,661,0,0,0,0,0,0,352,122,03 桃園市,2 技職,25.0192933,121.4020546
1030,龍華科技大學,D 日,C 二技,40,25,15,0,0,0,0,3,2,1,2,21,11,0,0,0,0,0,0,03 桃園市,2 技職,25.0192933,121.4020546
1030,龍華科技大學,D 日,5 五專,679,604,75,179,20,154,19,140,17,112,15,18,4,0,0,0,0,1,0,03 桃園市,2 技職,25.0192933,121.4020546
1030,龍華科技大學,N 職,M 碩士,111,89,22,45,8,24,12,12,2,8,0,0,0,0,0,0,0,0,0,03 桃園市,2 技職,25.0192933,121.4020546
1030,龍華科技大學,N 修,B 四技,3234,2512,722,763,246,554,130,506,157,505,150,0,0,0,0,0,0,184,39,03 桃園市,2 技職,25.0192933,121.4020546
1031,輔英科技大學,D 日,M 碩士,170,42,128,17,42,16,50,7,20,2,14,0,2,0,0,0,0,0,0,12 高雄市,2 技職,22.6026893,120.3896885
1031,輔英科技大學,D 日,B 四技,3703,1465,2238,343,518,369,542,344,553,300,534,0,0,0,0,0,0,109,91,12 高雄市,2 技職,22.6026893,120.3896885
1031,輔英科技大學,D 日,C 二技,1544,178,1366,0,0,0,0,74,662,98,679,0,0,0,0,0,0,6,25,12 高雄市,2 技職,22.6026893,120.3896885
1031,輔英科技大學,D 日,5 五專,2682,308,2374,64,428,56,530,69,472,61,463,48,446,0,0,0,0,10,35,12 高雄市,2 技職,22.6026893,120.3896885
1031,輔英科技大學,N 職,M 碩士,95,3,92,0,21,1,24,0,19,2,22,0,6,0,0,0,0,0,0,12 高雄市,2 技職,22.6026893,120.3896885
1031,輔英科技大學,N 修,B 四技,546,413,133,139,70,53,13,88,20,101,27,0,0,0,0,0,0,32,3,12 高雄市,2 技職,22.6026893,120.3896885
1031,輔英科技大學,N 修,C 二技,988,200,788,0,0,0,0,81,342,76,331,22,22,0,0,0,0,21,93,12 高雄市,2 技職,22.6026893,120.3896885
1032,明新科技大學,D 日,M 碩士,269,158,111,55,64,61,28,23,9,19,10,0,0,0,0,0,0,0,0,04 新竹縣,2 技職,24.8641986,120.9906648
1032,明新科技大學,D 日,B 四技,7072,4263,2809,840,545,795,581,1031,709,1293,859,0,0,0,0,0,0,304,115,04 新竹縣,2 技職,24.8641986,120.9906648
1032,明新科技大學,D 日,C 二技,60,33,27,0,0,0,0,23,16,10,11,0,0,0,0,0,0,0,0,04 新竹縣,2 技職,24.8641986,120.9906648
1032,明新科技大學,D 日,2 二專,21,21,0,5,0,13,0,0,0,0,0,0,0,0,0,0,0,3,0,04 新竹縣,2 技職,24.8641986,120.9906648
1032,明新科技大學,N 職,M 碩士,280,195,85,86,56,54,13,25,8,14,5,10,3,6,0,0,0,0,0,04 新竹縣,2 技職,24.8641986,120.9906648
1032,明新科技大學,N 修,B 四技,2798,1768,1030,417,227,390,229,382,243,417,259,0,0,0,0,0,0,162,72,04 新竹縣,2 技職,24.8641986,120.9906648
1053,元培醫事科技大學,N 修,C 二技,449,81,368,0,0,0,0,29,140,41,184,0,0,0,0,0,0,11,44,18 新竹市,2 技職,24.776337,120.9428296
1032,明新科技大學,N 修,2 二專,223,138,85,62,45,67,35,0,0,0,0,0,0,0,0,0,0,9,5,04 新竹縣,2 技職,24.8641986,120.9906648
1033,長榮大學,D 日,D 博士,48,35,13,8,4,9,4,7,2,3,3,4,0,3,0,1,0,0,0,11 臺南市,1 一般,22.904739,120.275107
1033,長榮大學,D 日,M 碩士,268,96,172,43,54,28,43,11,35,12,24,2,16,0,0,0,0,0,0,11 臺南市,1 一般,22.904739,120.275107
1033,長榮大學,D 日,B 學士,7106,3203,3903,760,791,835,901,743,990,699,1115,0,0,0,0,0,0,166,106,11 臺南市,1 一般,22.904739,120.275107
1033,長榮大學,N 職,M 碩士,115,79,36,36,15,31,11,8,4,2,3,1,3,1,0,0,0,0,0,11 臺南市,1 一般,22.904739,120.275107
1033,長榮大學,P 進,B 學士,312,217,95,66,24,38,21,55,22,43,23,0,0,0,0,0,0,15,5,11 臺南市,1 一般,22.904739,120.275107
1034,弘光科技大學,D 日,D 博士,13,2,11,1,4,1,2,0,3,0,0,0,1,0,1,0,0,0,0,06 臺中市,2 技職,24.2172822,120.5807518
1034,弘光科技大學,D 日,M 碩士,197,58,139,24,52,26,49,3,21,5,17,0,0,0,0,0,0,0,0,06 臺中市,2 技職,24.2172822,120.5807518
1034,弘光科技大學,D 日,B 四技,7224,2614,4610,598,1140,634,1125,643,1143,589,1055,0,0,0,0,0,0,150,147,06 臺中市,2 技職,24.2172822,120.5807518
1034,弘光科技大學,D 日,C 二技,726,53,673,0,0,0,0,30,339,21,332,0,0,0,0,0,0,2,2,06 臺中市,2 技職,24.2172822,120.5807518
1034,弘光科技大學,D 日,5 五專,260,32,228,5,47,5,47,9,42,9,44,3,46,0,0,0,0,1,2,06 臺中市,2 技職,24.2172822,120.5807518
1034,弘光科技大學,N 職,M 碩士,107,24,83,12,28,8,24,1,14,1,9,1,5,1,3,0,0,0,0,06 臺中市,2 技職,24.2172822,120.5807518
1034,弘光科技大學,N 修,B 四技,3170,1490,1680,406,423,361,386,336,384,297,397,6,12,0,0,0,0,84,78,06 臺中市,2 技職,24.2172822,120.5807518
1034,弘光科技大學,N 修,C 二技,836,80,756,0,0,0,0,36,267,31,291,10,192,0,0,0,0,3,6,06 臺中市,2 技職,24.2172822,120.5807518
1034,弘光科技大學,N 修,2 二專,133,20,113,14,58,3,44,0,0,0,0,0,0,0,0,0,0,3,11,06 臺中市,2 技職,24.2172822,120.5807518
1035,中國醫藥大學,D 日,D 博士,407,242,165,61,41,52,32,40,31,32,20,24,15,20,16,13,10,0,0,19 臺中市,1 一般,24.1560757,120.6803671
1035,中國醫藥大學,D 日,M 碩士,496,184,312,91,161,69,114,17,25,7,12,0,0,0,0,0,0,0,0,19 臺中市,1 一般,24.1560757,120.6803671
1035,中國醫藥大學,D 日,B 學士,6254,2647,3607,534,791,512,789,487,746,509,721,310,300,180,134,62,60,53,66,19 臺中市,1 一般,24.1560757,120.6803671
1035,中國醫藥大學,N 職,M 碩士,86,17,69,5,27,7,28,4,12,1,1,0,1,0,0,0,0,0,0,19 臺中市,1 一般,24.1560757,120.6803671
1036,健行科技大學,D 日,M 碩士,290,186,104,77,54,53,28,37,11,14,9,4,2,0,0,1,0,0,0,03 桃園市,2 技職,24.9472212,121.2291186
1036,健行科技大學,D 日,B 四技,6565,4447,2118,982,491,896,475,1047,477,1202,565,0,0,0,0,0,0,320,110,03 桃園市,2 技職,24.9472212,121.2291186
1036,健行科技大學,D 日,C 二技,45,29,16,0,0,0,0,5,4,12,6,0,0,0,0,0,0,12,6,03 桃園市,2 技職,24.9472212,121.2291186
1036,健行科技大學,N 職,M 碩士,33,21,12,6,4,6,5,4,0,3,2,1,0,1,1,0,0,0,0,03 桃園市,2 技職,24.9472212,121.2291186
1036,健行科技大學,N 修,B 四技,3870,2417,1453,578,396,578,332,549,365,514,294,0,0,0,0,0,0,198,66,03 桃園市,2 技職,24.9472212,121.2291186
1036,健行科技大學,N 修,C 二技,364,177,187,0,0,0,0,103,92,71,94,0,0,0,0,0,0,3,1,03 桃園市,2 技職,24.9472212,121.2291186
1037,正修科技大學,D 日,D 博士,14,14,0,4,0,2,0,3,0,3,0,1,0,0,0,1,0,0,0,12 高雄市,2 技職,22.650984,120.3489274
1037,正修科技大學,D 日,M 碩士,327,189,138,92,67,75,46,18,19,4,6,0,0,0,0,0,0,0,0,12 高雄市,2 技職,22.650984,120.3489274
1037,正修科技大學,D 日,B 四技,8630,5499,3131,1494,774,1279,730,1274,762,1255,804,0,0,0,0,0,0,197,61,12 高雄市,2 技職,22.650984,120.3489274
1037,正修科技大學,D 日,C 二技,101,68,33,0,0,0,0,25,3,0,0,43,30,0,0,0,0,0,0,12 高雄市,2 技職,22.650984,120.3489274
1037,正修科技大學,D 日,5 五專,274,211,63,50,20,64,17,53,10,44,16,0,0,0,0,0,0,0,0,12 高雄市,2 技職,22.650984,120.3489274
1037,正修科技大學,N 職,M 碩士,202,140,62,89,37,38,21,10,4,3,0,0,0,0,0,0,0,0,0,12 高雄市,2 技職,22.650984,120.3489274
1037,正修科技大學,N 修,B 四技,4799,3212,1587,695,341,714,357,801,376,720,414,0,0,0,0,0,0,282,99,12 高雄市,2 技職,22.650984,120.3489274
1037,正修科技大學,N 修,C 二技,2273,1124,1149,0,0,0,0,609,639,500,503,0,0,0,0,0,0,15,7,12 高雄市,2 技職,22.650984,120.3489274
1037,正修科技大學,N 修,2 二專,948,573,375,264,179,287,188,0,0,0,0,0,0,0,0,0,0,22,8,12 高雄市,2 技職,22.650984,120.3489274
1038,萬能科技大學,D 日,M 碩士,134,68,66,30,24,22,22,12,16,4,4,0,0,0,0,0,0,0,0,03 桃園市,2 技職,24.9902321,121.2321395
1038,萬能科技大學,D 日,B 四技,5793,3179,2614,716,588,704,605,757,665,787,630,0,0,0,0,0,0,215,126,03 桃園市,2 技職,24.9902321,121.2321395
1038,萬能科技大學,N 職,M 碩士,146,67,79,37,60,29,18,0,0,1,0,0,0,0,1,0,0,0,0,03 桃園市,2 技職,24.9902321,121.2321395
1038,萬能科技大學,N 修,B 四技,2474,1436,1038,416,258,294,244,316,228,337,267,0,0,0,0,0,0,73,41,03 桃園市,2 技職,24.9902321,121.2321395
1038,萬能科技大學,N 修,C 二技,434,219,215,0,0,0,0,110,114,94,93,0,0,0,0,0,0,15,8,03 桃園市,2 技職,24.9902321,121.2321395
1038,萬能科技大學,N 修,2 二專,32,1,31,0,0,1,26,0,0,0,0,0,0,0,0,0,0,0,5,03 桃園市,2 技職,24.9902321,121.2321395
1039,玄奘大學,D 日,D 博士,1,1,0,0,0,0,0,0,0,0,0,0,0,0,0,1,0,0,0,18 新竹市,1 一般,24.7743891,120.9434509
1039,玄奘大學,D 日,M 碩士,246,89,157,28,45,23,44,14,37,19,30,4,1,1,0,0,0,0,0,18 新竹市,1 一般,24.7743891,120.9434509
50,國立臺中科技大學,N 修,2 二專,1196,456,740,222,361,188,324,0,0,0,0,0,0,0,0,0,0,46,55,19 臺中市,2 技職,24.1497433,120.6837712
1002,輔仁大學,N 修,C 二技,58,2,56,0,0,0,0,1,36,0,20,0,0,0,0,0,0,1,0,01 新北市,2 技職,25.0334487,121.4334756
1002,輔仁大學,P 進,B 學士,4063,1565,2498,430,613,362,560,330,575,290,540,0,0,0,0,0,0,153,210,01 新北市,1 一般,25.0334487,121.4334756
1003,東吳大學,D 日,D 博士,127,70,57,9,9,9,6,12,12,4,6,13,8,14,11,9,5,0,0,30 臺北市,1 一般,25.094415,121.545748
1003,東吳大學,D 日,M 碩士,1317,587,730,191,246,185,185,96,145,111,147,4,7,0,0,0,0,0,0,30 臺北市,1 一般,25.094415,121.545748
1003,東吳大學,D 日,B 學士,11851,4621,7230,1095,1745,1072,1709,1046,1732,1024,1603,98,142,0,0,0,0,286,299,30 臺北市,1 一般,25.094415,121.545748
1004,中原大學,D 日,D 博士,353,244,109,51,24,36,21,46,20,45,22,17,8,24,8,25,6,0,0,03 桃園市,1 一般,24.957537,121.2410215
1004,中原大學,D 日,M 碩士,1612,937,675,405,281,348,215,107,95,69,68,7,13,1,3,0,0,0,0,03 桃園市,1 一般,24.957537,121.2410215
1004,中原大學,D 日,B 學士,13658,7180,6478,1686,1630,1633,1530,1616,1511,1626,1471,82,80,0,0,0,0,537,256,03 桃園市,1 一般,24.957537,121.2410215
1004,中原大學,N 職,M 碩士,906,528,378,207,151,160,141,49,37,30,16,47,19,33,11,2,3,0,0,03 桃園市,1 一般,24.957537,121.2410215
1005,淡江大學,D 日,D 博士,374,257,117,47,24,38,17,41,18,33,19,36,11,35,17,27,11,0,0,01 新北市,1 一般,25.1740706,121.4473008
1005,淡江大學,D 日,M 碩士,1528,843,685,368,294,309,220,110,90,56,81,0,0,0,0,0,0,0,0,01 新北市,1 一般,25.1740706,121.4473008
1005,淡江大學,P 進,B 學士,1146,661,485,130,94,150,92,146,118,157,133,0,0,0,0,0,0,78,48,01 新北市,1 一般,25.1740706,121.4473008
1006,中國文化大學,D 日,D 博士,505,315,190,33,33,30,21,42,22,38,17,28,24,48,18,96,55,0,0,30 臺北市,1 一般,25.1359859,121.5389375
1006,中國文化大學,D 日,M 碩士,1582,838,744,208,232,180,173,142,119,117,93,87,79,104,48,0,0,0,0,30 臺北市,1 一般,25.1359859,121.5389375
1006,中國文化大學,D 日,B 學士,20203,10196,10007,2352,2210,2298,2271,2083,2261,2018,2260,28,20,0,0,0,0,1417,985,30 臺北市,1 一般,25.1359859,121.5389375
1006,中國文化大學,N 職,M 碩士,616,232,384,49,127,49,90,33,46,37,37,28,41,36,43,0,0,0,0,30 臺北市,1 一般,25.1359859,121.5389375
1006,中國文化大學,N 修,C 二技,159,60,99,0,0,0,0,23,40,28,45,7,13,0,0,0,0,2,1,30 臺北市,2 技職,25.1359859,121.5389375
1006,中國文化大學,P 進,B 學士,1438,607,831,149,192,100,157,142,197,108,174,0,0,0,0,0,0,108,111,30 臺北市,1 一般,25.1359859,121.5389375
1007,逢甲大學,D 日,D 博士,417,300,117,59,24,53,24,45,14,40,19,38,11,30,9,35,16,0,0,19 臺中市,1 一般,24.178824,120.6466926
1007,逢甲大學,D 日,M 碩士,1647,1078,569,528,321,395,184,96,32,57,32,1,0,1,0,0,0,0,0,19 臺中市,1 一般,24.178824,120.6466926
1007,逢甲大學,D 日,B 學士,17321,10121,7200,2388,1778,2354,1802,2427,1764,2366,1689,58,41,0,0,0,0,528,126,19 臺中市,1 一般,24.178824,120.6466926
1007,逢甲大學,N 職,M 碩士,1122,669,453,264,188,221,188,69,40,51,8,35,19,29,10,0,0,0,0,19 臺中市,1 一般,24.178824,120.6466926
1007,逢甲大學,P 進,B 學士,886,526,360,115,76,119,91,117,81,111,85,0,0,0,0,0,0,64,27,19 臺中市,1 一般,24.178824,120.6466926
1008,靜宜大學,D 日,D 博士,50,22,28,6,6,2,6,3,6,3,5,2,2,5,2,1,1,0,0,06 臺中市,1 一般,24.2258027,120.5771913
1008,靜宜大學,D 日,M 碩士,652,250,402,98,163,67,122,56,70,25,46,1,0,3,1,0,0,0,0,06 臺中市,1 一般,24.2258027,120.5771913
1008,靜宜大學,D 日,B 學士,11138,4339,6799,1068,1608,1053,1667,910,1651,928,1569,0,0,0,0,0,0,380,304,06 臺中市,1 一般,24.2258027,120.5771913
1008,靜宜大學,N 職,M 碩士,333,157,176,42,56,59,50,21,24,11,22,13,11,10,8,1,5,0,0,06 臺中市,1 一般,24.2258027,120.5771913
1,國立政治大學,D 日,D 博士,948,537,411,88,67,81,62,86,71,79,62,71,57,71,40,61,52,0,0,30 臺北市,1 一般,24.9861694,121.5771149
1,國立政治大學,D 日,M 碩士,3974,1828,2146,624,729,591,744,370,409,240,264,3,0,0,0,0,0,0,0,30 臺北市,1 一般,24.9861694,121.5771149
1,國立政治大學,D 日,B 學士,9556,3920,5636,900,1303,920,1270,900,1313,911,1327,0,0,0,0,0,0,289,423,30 臺北市,1 一般,24.9861694,121.5771149
1,國立政治大學,N 職,M 碩士,1632,779,853,227,294,239,214,152,191,88,89,72,65,1,0,0,0,0,0,30 臺北市,1 一般,24.9861694,121.5771149
2,國立清華大學,D 日,D 博士,1663,1192,471,248,114,193,77,205,76,174,72,112,47,95,31,165,54,0,0,18 新竹市,1 一般,24.7961217,120.9966699
2,國立清華大學,D 日,M 碩士,5570,3372,2198,1430,905,1313,731,404,292,216,222,9,26,0,21,0,1,0,0,18 新竹市,1 一般,24.7961217,120.9966699
2,國立清華大學,D 日,B 學士,8888,4883,4005,1267,999,1153,1016,1108,942,1074,865,0,0,0,0,0,0,281,183,18 新竹市,1 一般,24.7961217,120.9966699
2,國立清華大學,D 日,X 4+X,1,1,0,0,0,0,0,0,0,0,0,0,0,0,0,0,0,1,0,18 新竹市,1 一般,24.7961217,120.9966699
2,國立清華大學,N 職,M 碩士,1366,507,859,219,264,161,269,51,129,25,73,27,44,8,36,16,44,0,0,18 新竹市,1 一般,24.7961217,120.9966699
3,國立臺灣大學,D 日,D 博士,3666,2510,1156,516,261,459,199,400,166,298,158,283,132,229,97,325,143,0,0,30 臺北市,1 一般,25.0173405,121.5397518
3,國立臺灣大學,D 日,M 碩士,10720,6451,4269,2695,1691,2399,1529,869,592,488,457,0,0,0,0,0,0,0,0,30 臺北市,1 一般,25.0173405,121.5397518
3,國立臺灣大學,D 日,B 學士,16906,9525,7381,2198,1688,2093,1737,2088,1656,2052,1499,197,149,173,90,0,0,724,562,30 臺北市,1 一般,25.0173405,121.5397518
3,國立臺灣大學,N 職,M 碩士,1631,1009,622,351,231,353,227,149,100,65,30,36,9,55,25,0,0,0,0,30 臺北市,1 一般,25.0173405,121.5397518
4,國立臺灣師範大學,D 日,D 博士,1358,619,739,125,113,91,127,91,105,76,104,99,106,69,95,68,89,0,0,30 臺北市,3 師範,25.0261538,121.5274867
1005,淡江大學,D 日,B 學士,20763,10875,9888,2676,2391,2625,2349,2491,2427,2351,2348,37,26,0,0,0,0,695,347,01 新北市,1 一般,25.1740706,121.4473008
1054,景文科技大學,D 日,M 碩士,18,13,5,0,0,9,4,2,1,2,0,0,0,0,0,0,0,0,0,01 新北市,2 技職,24.952911,121.509176
1054,景文科技大學,D 日,B 四技,4646,2066,2580,404,513,451,557,535,758,516,647,0,0,0,0,0,0,160,105,01 新北市,2 技職,24.952911,121.509176
1054,景文科技大學,D 日,C 二技,21,12,9,0,0,0,0,10,7,2,2,0,0,0,0,0,0,0,0,01 新北市,2 技職,24.952911,121.509176
1054,景文科技大學,N 職,M 碩士,47,32,15,22,12,6,3,1,0,3,0,0,0,0,0,0,0,0,0,01 新北市,2 技職,24.952911,121.509176
1054,景文科技大學,N 修,B 四技,755,397,358,94,78,57,47,107,97,112,111,0,0,0,0,0,0,27,25,01 新北市,2 技職,24.952911,121.509176
1054,景文科技大學,N 修,C 二技,294,141,153,0,0,0,0,86,71,49,79,0,0,0,0,0,0,6,3,01 新北市,2 技職,24.952911,121.509176
1054,景文科技大學,N 修,2 二專,122,71,51,31,24,37,25,0,0,0,0,0,0,0,0,0,0,3,2,01 新北市,2 技職,24.952911,121.509176
1055,中華醫事科技大學,D 日,M 碩士,91,42,49,18,24,20,18,3,5,1,2,0,0,0,0,0,0,0,0,11 臺南市,2 技職,22.9608918,120.2436327
1055,中華醫事科技大學,D 日,B 四技,3036,1107,1929,194,392,236,407,228,524,387,555,0,0,0,0,0,0,62,51,11 臺南市,2 技職,22.9608918,120.2436327
1055,中華醫事科技大學,D 日,C 二技,853,196,657,0,0,0,0,84,341,109,309,0,0,0,0,0,0,3,7,11 臺南市,2 技職,22.9608918,120.2436327
1055,中華醫事科技大學,D 日,2 二專,1,1,0,0,0,0,0,0,0,0,0,0,0,0,0,0,0,1,0,11 臺南市,2 技職,22.9608918,120.2436327
1055,中華醫事科技大學,D 日,5 五專,3147,702,2445,143,493,163,546,135,481,127,439,112,454,0,0,0,0,22,32,11 臺南市,2 技職,22.9608918,120.2436327
1055,中華醫事科技大學,N 職,M 碩士,23,12,11,3,3,9,8,0,0,0,0,0,0,0,0,0,0,0,0,11 臺南市,2 技職,22.9608918,120.2436327
1055,中華醫事科技大學,N 修,B 四技,554,241,313,70,89,44,58,61,74,47,72,0,0,0,0,0,0,19,20,11 臺南市,2 技職,22.9608918,120.2436327
1055,中華醫事科技大學,N 修,C 二技,725,196,529,0,0,0,0,103,287,85,231,0,0,0,0,0,0,8,11,11 臺南市,2 技職,22.9608918,120.2436327
1055,中華醫事科技大學,N 修,2 二專,81,42,39,21,20,21,19,0,0,0,0,0,0,0,0,0,0,0,0,11 臺南市,2 技職,22.9608918,120.2436327
1056,東南科技大學,D 日,M 碩士,127,80,47,31,22,36,20,9,4,4,1,0,0,0,0,0,0,0,0,01 新北市,2 技職,25.0034002,121.6044633
1056,東南科技大學,D 日,B 四技,4050,2616,1434,534,336,548,313,689,365,720,359,0,0,0,0,0,0,125,61,01 新北市,2 技職,25.0034002,121.6044633
1056,東南科技大學,N 職,M 碩士,48,42,6,26,1,15,4,0,1,1,0,0,0,0,0,0,0,0,0,01 新北市,2 技職,25.0034002,121.6044633
1056,東南科技大學,N 修,B 四技,625,461,164,107,52,78,34,133,33,115,39,0,0,0,0,0,0,28,6,01 新北市,2 技職,25.0034002,121.6044633
1057,德明財經科技大學,D 日,M 碩士,42,23,19,10,8,2,5,2,0,9,6,0,0,0,0,0,0,0,0,30 臺北市,2 技職,25.0865509,121.5654923
1057,德明財經科技大學,D 日,B 四技,6585,2806,3779,569,786,613,772,663,972,662,978,0,0,0,0,0,0,299,271,30 臺北市,2 技職,25.0865509,121.5654923
1057,德明財經科技大學,D 日,C 二技,106,34,72,0,0,0,0,22,30,10,42,0,0,0,0,0,0,2,0,30 臺北市,2 技職,25.0865509,121.5654923
1057,德明財經科技大學,N 職,M 碩士,26,15,11,3,4,6,5,2,1,1,1,1,0,2,0,0,0,0,0,30 臺北市,2 技職,25.0865509,121.5654923
1057,德明財經科技大學,N 修,B 四技,414,224,190,40,39,46,35,52,51,50,44,0,0,0,0,0,0,36,21,30 臺北市,2 技職,25.0865509,121.5654923
1057,德明財經科技大學,N 修,C 二技,119,46,73,0,0,0,0,17,35,28,37,0,0,0,0,0,0,1,1,30 臺北市,2 技職,25.0865509,121.5654923
1058,明道大學,D 日,D 博士,32,19,13,4,1,1,4,6,1,3,3,1,2,2,2,2,0,0,0,07 彰化縣,1 一般,23.8681411,120.4949742
1058,明道大學,D 日,M 碩士,148,80,68,21,29,31,19,17,13,10,6,1,1,0,0,0,0,0,0,07 彰化縣,1 一般,23.8681411,120.4949742
1058,明道大學,D 日,B 學士,1324,750,574,66,75,113,116,223,172,292,182,0,0,0,0,0,0,56,29,07 彰化縣,1 一般,23.8681411,120.4949742
1058,明道大學,N 職,M 碩士,53,24,29,13,19,7,7,2,3,2,0,0,0,0,0,0,0,0,0,07 彰化縣,1 一般,23.8681411,120.4949742
1058,明道大學,P 進,B 學士,456,307,149,63,28,72,20,71,37,91,58,0,0,0,0,0,0,10,6,07 彰化縣,1 一般,23.8681411,120.4949742
1060,南開科技大學,D 日,M 碩士,77,41,36,17,15,15,16,6,3,3,2,0,0,0,0,0,0,0,0,08 南投縣,2 技職,23.9792331,120.696843
1060,南開科技大學,D 日,B 四技,1790,1213,577,171,84,261,95,295,159,405,209,0,0,0,0,0,0,81,30,08 南投縣,2 技職,23.9792331,120.696843
1060,南開科技大學,D 日,5 五專,415,353,62,50,6,67,8,63,15,76,18,89,14,0,0,0,0,8,1,08 南投縣,2 技職,23.9792331,120.696843
1060,南開科技大學,N 職,M 碩士,67,23,44,9,21,10,17,2,3,2,3,0,0,0,0,0,0,0,0,08 南投縣,2 技職,23.9792331,120.696843
1060,南開科技大學,N 修,B 四技,632,443,189,107,33,87,40,114,51,102,55,0,0,0,0,0,0,33,10,08 南投縣,2 技職,23.9792331,120.696843
1060,南開科技大學,N 修,C 二技,190,86,104,0,0,0,0,51,52,34,52,0,0,0,0,0,0,1,0,08 南投縣,2 技職,23.9792331,120.696843
1060,南開科技大學,N 修,2 二專,64,39,25,20,12,18,13,0,0,0,0,0,0,0,0,0,0,1,0,08 南投縣,2 技職,23.9792331,120.696843
1061,中華科技大學,D 日,M 碩士,206,141,65,66,35,68,29,6,1,1,0,0,0,0,0,0,0,0,0,30 臺北市,2 技職,25.0336217,121.6099098
1061,中華科技大學,D 日,B 四技,2838,1998,840,368,173,425,162,545,227,520,235,0,0,0,0,0,0,140,43,30 臺北市,2 技職,25.0336217,121.6099098
1061,中華科技大學,D 日,C 二技,41,5,36,0,0,0,0,2,33,3,3,0,0,0,0,0,0,0,0,30 臺北市,2 技職,25.0336217,121.6099098
1061,中華科技大學,N 職,M 碩士,129,105,24,38,15,57,7,9,2,0,0,1,0,0,0,0,0,0,0,30 臺北市,2 技職,25.0336217,121.6099098
1069,修平科技大學,N 職,M 碩士,40,31,9,22,7,8,2,1,0,0,0,0,0,0,0,0,0,0,0,06 臺中市,2 技職,24.0953128,120.7138722
1069,修平科技大學,N 修,B 四技,1387,1275,112,345,27,293,29,276,27,318,24,0,0,0,0,0,0,43,5,06 臺中市,2 技職,24.0953128,120.7138722
1069,修平科技大學,N 修,C 二技,684,473,211,0,0,0,0,249,117,220,93,0,0,0,0,0,0,4,1,06 臺中市,2 技職,24.0953128,120.7138722
1069,修平科技大學,N 修,2 二專,3,3,0,0,0,0,0,0,0,0,0,0,0,0,0,0,0,3,0,06 臺中市,2 技職,24.0953128,120.7138722
1070,長庚科技大學,D 日,M 碩士,71,7,64,4,25,2,22,1,16,0,1,0,0,0,0,0,0,0,0,03 桃園市,2 技職,25.0309866,121.3901211
1070,長庚科技大學,D 日,B 四技,3504,470,3034,133,759,112,758,104,753,119,749,0,0,0,0,0,0,2,15,03 桃園市,2 技職,25.0309866,121.3901211
1070,長庚科技大學,D 日,C 二技,1475,110,1365,0,0,0,0,58,669,52,694,0,0,0,0,0,0,0,2,03 桃園市,2 技職,25.0309866,121.3901211
1070,長庚科技大學,N 職,M 碩士,150,3,147,1,43,0,39,0,34,1,20,0,8,0,3,1,0,0,0,03 桃園市,2 技職,25.0309866,121.3901211
1070,長庚科技大學,N 修,C 二技,1197,88,1109,0,0,0,0,49,568,39,522,0,14,0,0,0,0,0,5,03 桃園市,2 技職,25.0309866,121.3901211
1071,臺北城市科技大學,D 日,M 碩士,87,66,21,26,10,27,6,7,1,6,4,0,0,0,0,0,0,0,0,30 臺北市,2 技職,25.133617,121.468879
1071,臺北城市科技大學,D 日,B 四技,6813,4329,2484,956,533,950,542,1043,638,988,609,0,0,0,0,0,0,392,162,30 臺北市,2 技職,25.133617,121.468879
1071,臺北城市科技大學,D 日,C 二技,8,5,3,0,0,0,0,4,3,1,0,0,0,0,0,0,0,0,0,30 臺北市,2 技職,25.133617,121.468879
1071,臺北城市科技大學,D 日,5 五專,933,603,330,108,57,107,62,130,79,117,77,113,47,0,0,0,0,28,8,30 臺北市,2 技職,25.133617,121.468879
1071,臺北城市科技大學,N 修,B 四技,744,583,161,182,44,138,36,138,41,98,34,0,0,0,0,0,0,27,6,30 臺北市,2 技職,25.133617,121.468879
1071,臺北城市科技大學,N 修,C 二技,500,260,240,0,0,0,0,130,130,119,103,0,0,0,0,0,0,11,7,30 臺北市,2 技職,25.133617,121.468879
1071,臺北城市科技大學,N 修,2 二專,374,174,200,102,96,65,91,0,0,0,0,0,0,0,0,0,0,7,13,30 臺北市,2 技職,25.133617,121.468879
1072,敏實科技大學,D 日,B 四技,262,197,65,62,15,72,6,18,15,22,18,0,0,0,0,0,0,23,11,04 新竹縣,2 技職,24.7775247,121.0900718
1072,敏實科技大學,D 日,5 五專,203,106,97,8,8,9,12,13,19,18,15,50,32,0,0,0,0,8,11,04 新竹縣,2 技職,24.7775247,121.0900718
1072,敏實科技大學,N 修,B 四技,114,61,53,8,13,10,8,10,8,25,16,0,0,0,0,0,0,8,8,04 新竹縣,2 技職,24.7775247,121.0900718
1073,醒吾科技大學,D 日,M 碩士,65,27,38,17,16,5,15,5,7,0,0,0,0,0,0,0,0,0,0,01 新北市,2 技職,25.0803455,121.3976927
1073,醒吾科技大學,D 日,B 四技,5751,2559,3192,602,836,674,771,550,714,585,744,0,0,0,0,0,0,148,127,01 新北市,2 技職,25.0803455,121.3976927
1073,醒吾科技大學,D 日,C 二技,22,6,16,0,0,0,0,0,0,0,0,0,0,0,0,0,0,6,16,01 新北市,2 技職,25.0803455,121.3976927
1073,醒吾科技大學,D 日,5 五專,333,127,206,17,17,19,31,30,41,28,60,29,56,0,0,0,0,4,1,01 新北市,2 技職,25.0803455,121.3976927
1073,醒吾科技大學,N 職,M 碩士,73,41,32,12,11,7,7,2,6,10,4,3,4,7,0,0,0,0,0,01 新北市,2 技職,25.0803455,121.3976927
1073,醒吾科技大學,N 修,B 四技,706,303,403,107,105,39,38,61,72,77,164,0,0,0,0,0,0,19,24,01 新北市,2 技職,25.0803455,121.3976927
1073,醒吾科技大學,N 修,C 二技,444,190,254,0,0,0,0,91,116,90,132,0,0,0,0,0,0,9,6,01 新北市,2 技職,25.0803455,121.3976927
1073,醒吾科技大學,N 修,2 二專,123,59,64,17,12,35,50,0,0,0,0,0,0,0,0,0,0,7,2,01 新北市,2 技職,25.0803455,121.3976927
1075,文藻外語大學,D 日,M 碩士,221,54,167,22,53,12,44,12,29,7,35,1,6,0,0,0,0,0,0,50 高雄市,2 技職,22.6703488,120.3191403
1075,文藻外語大學,D 日,B 四技,4829,1408,3421,309,759,339,756,323,856,343,839,0,0,0,0,0,0,94,211,50 高雄市,2 技職,22.6703488,120.3191403
1075,文藻外語大學,D 日,C 二技,219,41,178,0,0,0,0,13,57,22,82,0,0,0,0,0,0,6,39,50 高雄市,2 技職,22.6703488,120.3191403
1075,文藻外語大學,D 日,5 五專,1698,290,1408,75,339,63,294,58,299,48,225,39,226,0,0,0,0,7,25,50 高雄市,2 技職,22.6703488,120.3191403
1075,文藻外語大學,N 職,M 碩士,52,15,37,5,12,4,9,1,9,1,5,0,2,3,0,1,0,0,0,50 高雄市,2 技職,22.6703488,120.3191403
1075,文藻外語大學,N 修,B 四技,1518,573,945,116,168,134,195,125,216,128,217,0,0,0,0,0,0,70,149,50 高雄市,2 技職,22.6703488,120.3191403
1075,文藻外語大學,N 修,C 二技,146,32,114,0,0,0,0,11,48,18,45,0,0,0,0,0,0,3,21,50 高雄市,2 技職,22.6703488,120.3191403
1076,華夏科技大學,D 日,M 碩士,35,30,5,15,2,6,3,5,0,4,0,0,0,0,0,0,0,0,0,01 新北市,2 技職,24.9812421,121.5074181
1076,華夏科技大學,D 日,B 四技,1277,821,456,171,65,170,91,232,148,180,130,0,0,0,0,0,0,68,22,01 新北市,2 技職,24.9812421,121.5074181
1076,華夏科技大學,D 日,C 二技,79,68,11,0,0,0,0,19,5,41,6,0,0,0,0,0,0,8,0,01 新北市,2 技職,24.9812421,121.5074181
1076,華夏科技大學,D 日,5 五專,558,450,108,73,23,116,29,78,20,96,26,79,10,0,0,0,0,8,0,01 新北市,2 技職,24.9812421,121.5074181
1076,華夏科技大學,N 職,M 碩士,62,42,20,19,9,15,9,5,1,3,1,0,0,0,0,0,0,0,0,01 新北市,2 技職,24.9812421,121.5074181
1076,華夏科技大學,N 修,B 四技,720,386,334,64,66,127,46,87,117,78,83,0,0,0,0,0,0,30,22,01 新北市,2 技職,24.9812421,121.5074181
1076,華夏科技大學,N 修,C 二技,657,391,266,0,0,0,0,138,90,236,170,0,0,0,0,0,0,17,6,01 新北市,2 技職,24.9812421,121.5074181
1076,華夏科技大學,N 修,2 二專,112,46,66,0,15,42,42,0,0,0,0,0,0,0,0,0,0,4,9,01 新北市,2 技職,24.9812421,121.5074181
1003,東吳大學,N 職,M 碩士,1209,567,642,146,190,140,157,100,109,62,86,69,41,50,59,0,0,0,0,30 臺北市,1 一般,25.094415,121.545748
1083,台北海洋科技大學,D 日,B 四技,2237,1274,963,389,258,222,195,275,225,270,217,0,0,0,0,0,0,118,68,01 新北市,2 技職,25.1921692,121.4267044
1077,慈濟科技大學,D 日,M 碩士,61,18,43,7,16,9,17,0,9,2,1,0,0,0,0,0,0,0,0,15 花蓮縣,2 技職,23.9966876,121.564793
1185,經國管理暨健康學院,N 修,C 二技,869,158,711,0,0,0,0,89,408,57,290,0,0,0,0,0,0,12,13,17 基隆市,2 技職,25.1500306,121.7277801
1185,經國管理暨健康學院,N 修,2 二專,214,42,172,19,86,21,72,0,0,0,0,0,0,0,0,0,0,2,14,17 基隆市,2 技職,25.1500306,121.7277801
1188,大同技術學院,D 日,B 四技,397,185,212,24,32,31,26,28,44,85,100,0,0,0,0,0,0,17,10,20 嘉義市,2 技職,23.469727,120.464865
1188,大同技術學院,D 日,5 五專,80,44,36,3,5,12,7,8,6,3,9,9,8,0,0,0,0,9,1,20 嘉義市,2 技職,23.469727,120.464865
1188,大同技術學院,N 修,B 四技,190,63,127,16,51,14,23,14,24,18,26,0,0,0,0,0,0,1,3,20 嘉義市,2 技職,23.469727,120.464865
1188,大同技術學院,N 修,C 二技,230,48,182,0,0,0,0,23,115,25,65,0,0,0,0,0,0,0,2,20 嘉義市,2 技職,23.469727,120.464865
1188,大同技術學院,N 修,2 二專,45,22,23,17,12,4,11,0,0,0,0,0,0,0,0,0,0,1,0,20 嘉義市,2 技職,23.469727,120.464865
1195,馬偕醫學院,D 日,D 博士,8,8,0,3,0,3,0,2,0,0,0,0,0,0,0,0,0,0,0,01 新北市,1 一般,25.254377,121.4950804
1195,馬偕醫學院,D 日,M 碩士,60,18,42,5,6,8,28,2,5,3,3,0,0,0,0,0,0,0,0,01 新北市,1 一般,25.254377,121.4950804
1195,馬偕醫學院,D 日,B 學士,727,254,473,53,111,60,98,42,112,44,112,26,20,24,17,0,0,5,3,01 新北市,1 一般,25.254377,121.4950804
1195,馬偕醫學院,N 職,M 碩士,28,6,22,2,13,4,9,0,0,0,0,0,0,0,0,0,0,0,0,01 新北市,1 一般,25.254377,121.4950804
1195,馬偕醫學院,N 修,C 二技,78,2,76,0,0,0,0,0,39,2,37,0,0,0,0,0,0,0,0,01 新北市,2 技職,25.254377,121.4950804
1196,法鼓文理學院,D 日,D 博士,18,8,10,1,1,3,1,1,1,3,1,0,1,0,1,0,4,0,0,01 新北市,1 一般,25.245412,121.6169569
1196,法鼓文理學院,D 日,M 碩士,259,70,189,13,58,17,42,21,46,19,43,0,0,0,0,0,0,0,0,01 新北市,1 一般,25.245412,121.6169569
1196,法鼓文理學院,D 日,B 學士,52,22,30,6,6,7,2,4,12,5,9,0,0,0,0,0,0,0,1,01 新北市,1 一般,25.245412,121.6169569
1282,馬偕醫護管理專科學校,D 日,2 二專,1,0,1,0,0,0,0,0,0,0,0,0,0,0,0,0,0,0,1,30 臺北市,2 技職,25.1222891,121.4644703
1282,馬偕醫護管理專科學校,D 日,5 五專,3852,504,3348,135,733,106,676,87,634,67,620,88,615,0,0,0,0,21,70,30 臺北市,2 技職,25.1222891,121.4644703
1282,馬偕醫護管理專科學校,N 修,2 二專,144,72,72,41,37,29,33,0,0,0,0,0,0,0,0,0,0,2,2,30 臺北市,2 技職,25.1222891,121.4644703
1283,仁德醫護管理專科學校,D 日,5 五專,5970,1333,4637,253,881,311,945,254,888,222,858,195,826,0,0,0,0,98,239,05 苗栗縣,2 技職,24.622188,120.780827
1283,仁德醫護管理專科學校,N 修,2 二專,416,212,204,134,121,70,82,0,0,0,0,0,0,0,0,0,0,8,1,05 苗栗縣,2 技職,24.622188,120.780827
1284,樹人醫護管理專科學校,D 日,5 五專,6743,1472,5271,344,1128,277,1148,285,1028,264,960,235,851,0,0,0,0,67,156,12 高雄市,2 技職,22.8834931,120.2613927
1284,樹人醫護管理專科學校,N 修,2 二專,562,301,261,117,112,123,94,32,39,21,13,0,0,0,0,0,0,8,3,12 高雄市,2 技職,22.8834931,120.2613927
1285,慈惠醫護管理專科學校,D 日,2 二專,89,19,70,8,38,8,23,0,0,0,0,0,0,0,0,0,0,3,9,13 屏東縣,2 技職,22.486071,120.4894273
1285,慈惠醫護管理專科學校,D 日,5 五專,3005,641,2364,101,335,104,410,125,468,145,498,112,474,0,0,0,0,54,179,13 屏東縣,2 技職,22.486071,120.4894273
1285,慈惠醫護管理專科學校,N 修,2 二專,251,88,163,33,74,29,66,14,6,8,8,0,0,0,0,0,0,4,9,13 屏東縣,2 技職,22.486071,120.4894273
1286,耕莘健康管理專科學校,D 日,5 五專,4272,422,3850,83,719,78,705,66,710,79,745,79,782,0,0,0,0,37,189,01 新北市,2 技職,24.9770572,121.5368906
1286,耕莘健康管理專科學校,N 修,2 二專,120,9,111,6,54,3,53,0,0,0,0,0,0,0,0,0,0,0,4,01 新北市,2 技職,24.9770572,121.5368906
1287,敏惠醫護管理專科學校,D 日,5 五專,3841,486,3355,104,664,113,678,100,650,84,645,66,622,0,0,0,0,19,96,11 臺南市,2 技職,23.2799158,120.3287761
1287,敏惠醫護管理專科學校,N 修,2 二專,64,19,45,14,21,5,24,0,0,0,0,0,0,0,0,0,0,0,0,11 臺南市,2 技職,23.2799158,120.3287761
1289,育英醫護管理專科學校,D 日,5 五專,1923,220,1703,38,336,42,348,50,312,37,320,43,338,0,0,0,0,10,49,50 高雄市,2 技職,22.6500691,120.3332807
1291,聖母醫護管理專科學校,D 日,2 二專,34,17,17,9,8,8,9,0,0,0,0,0,0,0,0,0,0,0,0,02 宜蘭縣,2 技職,24.6646906,121.7022666
1291,聖母醫護管理專科學校,D 日,5 五專,1787,292,1495,50,278,48,266,59,297,66,284,62,354,0,0,0,0,7,16,02 宜蘭縣,2 技職,24.6646906,121.7022666
1291,聖母醫護管理專科學校,N 修,2 二專,51,27,24,16,13,11,11,0,0,0,0,0,0,0,0,0,0,0,0,02 宜蘭縣,2 技職,24.6646906,121.7022666
1292,新生醫護管理專科學校,D 日,5 五專,5985,728,5257,140,1132,163,1074,137,1010,120,945,137,938,0,0,0,0,31,158,03 桃園市,2 技職,24.8319445,121.2086202
1292,新生醫護管理專科學校,N 修,2 二專,70,9,61,2,36,7,25,0,0,0,0,0,0,0,0,0,0,0,0,03 桃園市,2 技職,24.8319445,121.2086202
1293,崇仁醫護管理專科學校,D 日,5 五專,3209,445,2764,110,519,95,542,77,575,71,523,81,559,0,0,0,0,11,46,10 嘉義縣,2 技職,23.478052,120.483115
3002,臺北市立大學,D 日,D 博士,220,95,125,16,18,13,18,14,16,13,14,10,13,9,10,20,36,0,0,30 臺北市,1 一般,25.0355926,121.5140027
3002,臺北市立大學,D 日,M 碩士,1348,447,901,144,292,125,234,90,157,52,120,19,65,17,33,0,0,0,0,30 臺北市,1 一般,25.0355926,121.5140027
3002,臺北市立大學,D 日,B 學士,5345,2363,2982,575,727,552,701,538,732,510,711,0,0,0,0,0,0,188,111,30 臺北市,1 一般,25.0355926,121.5140027
1005,淡江大學,N 職,M 碩士,723,376,347,122,141,135,121,48,29,37,27,24,16,10,13,0,0,0,0,01 新北市,1 一般,25.1740706,121.4473008
1078,致理科技大學,D 日,5 五專,1556,348,1208,77,253,71,254,77,247,75,222,38,211,0,0,0,0,10,21,01 新北市,2 技職,25.0210986,121.4651279
1078,致理科技大學,N 職,M 碩士,45,13,32,5,15,4,8,1,5,2,3,1,1,0,0,0,0,0,0,01 新北市,2 技職,25.0210986,121.4651279
1078,致理科技大學,N 修,B 四技,3177,1310,1867,314,433,287,419,305,429,316,447,0,0,0,0,0,0,88,139,01 新北市,2 技職,25.0210986,121.4651279
1078,致理科技大學,N 修,C 二技,2,1,1,0,0,0,0,0,0,0,1,0,0,0,0,0,0,1,0,01 新北市,2 技職,25.0210986,121.4651279
1079,康寧大學,D 日,M 碩士,8,3,5,0,0,0,1,0,2,3,2,0,0,0,0,0,0,0,0,30 臺北市,1 一般,23.0590248,120.1542518
1079,康寧大學,D 日,B 學士,236,59,177,11,39,11,44,10,38,7,45,0,0,0,0,0,0,20,11,30 臺北市,1 一般,23.0590248,120.1542518
1079,康寧大學,D 日,5 五專,2653,636,2017,123,394,140,441,136,378,104,394,120,369,0,0,0,0,13,41,30 臺北市,2 技職,23.0590248,120.1542518
1079,康寧大學,N 職,M 碩士,13,5,8,0,0,0,0,1,1,3,5,1,2,0,0,0,0,0,0,30 臺北市,1 一般,23.0590248,120.1542518
1079,康寧大學,N 修,C 二技,182,15,167,0,0,0,0,10,87,5,80,0,0,0,0,0,0,0,0,30 臺北市,2 技職,23.0590248,120.1542518
1079,康寧大學,N 修,2 二專,182,45,137,23,71,22,63,0,0,0,0,0,0,0,0,0,0,0,3,30 臺北市,2 技職,23.0590248,120.1542518
1079,康寧大學,P 進,B 學士,6,3,3,0,0,0,0,0,2,1,1,0,0,0,0,0,0,2,0,30 臺北市,1 一般,23.0590248,120.1542518
1080,宏國德霖科技大學,D 日,M 碩士,31,16,15,10,10,6,5,0,0,0,0,0,0,0,0,0,0,0,0,01 新北市,2 技職,24.972325,121.4557677
1080,宏國德霖科技大學,D 日,B 四技,1932,1192,740,250,178,242,148,330,201,298,194,0,0,0,0,0,0,72,19,01 新北市,2 技職,24.972325,121.4557677
1080,宏國德霖科技大學,D 日,C 二技,70,31,39,0,0,0,0,14,21,17,17,0,0,0,0,0,0,0,1,01 新北市,2 技職,24.972325,121.4557677
1080,宏國德霖科技大學,D 日,5 五專,1090,657,433,164,89,140,89,125,84,107,88,114,75,0,0,0,0,7,8,01 新北市,2 技職,24.972325,121.4557677
1080,宏國德霖科技大學,N 修,B 四技,1072,697,375,155,81,146,72,188,115,170,89,0,0,0,0,0,0,38,18,01 新北市,2 技職,24.972325,121.4557677
1080,宏國德霖科技大學,N 修,C 二技,776,448,328,0,0,0,0,228,161,199,156,0,0,0,0,0,0,21,11,01 新北市,2 技職,24.972325,121.4557677
1080,宏國德霖科技大學,N 修,2 二專,25,7,18,0,0,4,18,0,0,0,0,0,0,0,0,0,0,3,0,01 新北市,2 技職,24.972325,121.4557677
1081,東方設計大學,D 日,D 博士,28,14,14,4,1,2,3,1,5,2,1,3,2,1,2,1,0,0,0,12 高雄市,2 技職,22.880716,120.2453799
1081,東方設計大學,D 日,M 碩士,81,30,51,18,28,7,18,3,3,1,2,1,0,0,0,0,0,0,0,12 高雄市,2 技職,22.880716,120.2453799
1081,東方設計大學,D 日,B 四技,476,270,206,14,27,29,19,45,40,120,91,0,0,0,0,0,0,62,29,12 高雄市,2 技職,22.880716,120.2453799
1081,東方設計大學,D 日,C 二技,24,12,12,0,0,0,0,6,5,4,7,0,0,0,0,0,0,2,0,12 高雄市,2 技職,22.880716,120.2453799
1081,東方設計大學,D 日,5 五專,459,213,246,18,18,23,49,50,46,49,51,69,76,0,0,0,0,4,6,12 高雄市,2 技職,22.880716,120.2453799
1081,東方設計大學,N 職,M 碩士,42,19,23,14,16,5,4,0,3,0,0,0,0,0,0,0,0,0,0,12 高雄市,2 技職,22.880716,120.2453799
1081,東方設計大學,N 修,B 四技,45,35,10,0,0,1,2,11,3,20,3,0,0,0,0,0,0,3,2,12 高雄市,2 技職,22.880716,120.2453799
1081,東方設計大學,N 修,C 二技,241,138,103,0,0,0,0,69,59,62,37,0,0,0,0,0,0,7,7,12 高雄市,2 技職,22.880716,120.2453799
1081,東方設計大學,N 修,2 二專,75,43,32,20,13,20,19,0,0,0,0,0,0,0,0,0,0,3,0,12 高雄市,2 技職,22.880716,120.2453799
1082,崇右影藝科技大學,D 日,M 碩士,63,36,27,6,8,22,14,6,2,1,3,1,0,0,0,0,0,0,0,17 基隆市,2 技職,25.1336644,121.7550685
1082,崇右影藝科技大學,D 日,B 四技,1573,699,874,148,246,97,136,182,238,210,208,0,0,0,0,0,0,62,46,17 基隆市,2 技職,25.1336644,121.7550685
1082,崇右影藝科技大學,D 日,5 五專,6,3,3,0,0,0,0,0,0,0,0,0,0,0,0,0,0,3,3,17 基隆市,2 技職,25.1336644,121.7550685
1082,崇右影藝科技大學,N 修,C 二技,142,80,62,0,0,0,0,0,0,73,57,0,0,0,0,0,0,7,5,17 基隆市,2 技職,25.1336644,121.7550685
1082,崇右影藝科技大學,N 修,2 二專,140,78,62,0,0,69,55,0,0,0,0,0,0,0,0,0,0,9,7,17 基隆市,2 技職,25.1336644,121.7550685
1083,台北海洋科技大學,D 日,M 碩士,143,82,61,36,24,36,24,6,5,4,8,0,0,0,0,0,0,0,0,01 新北市,2 技職,25.1921692,121.4267044
12,國立臺灣海洋大學,P 進,B 學士,588,378,210,128,41,126,58,56,40,47,50,0,0,0,0,0,0,21,21,17 基隆市,1 一般,25.1505447,121.7757756
13,國立中正大學,D 日,D 博士,549,365,184,53,32,53,24,62,34,53,25,48,27,46,18,50,24,0,0,10 嘉義縣,1 一般,23.5633761,120.4728831
13,國立中正大學,D 日,M 碩士,2821,1730,1091,695,433,671,372,243,151,115,129,6,6,0,0,0,0,0,0,10 嘉義縣,1 一般,23.5633761,120.4728831
13,國立中正大學,D 日,B 學士,6414,3483,2931,883,729,842,735,815,691,786,713,0,0,0,0,0,0,157,63,10 嘉義縣,1 一般,23.5633761,120.4728831
13,國立中正大學,N 職,M 碩士,1428,616,812,216,287,195,270,92,144,65,71,48,40,0,0,0,0,0,0,10 嘉義縣,1 一般,23.5633761,120.4728831
14,國立高雄師範大學,D 日,D 博士,458,222,236,37,36,30,39,28,37,31,28,32,33,28,26,36,37,0,0,50 高雄市,3 師範,22.6236618,120.3210567
14,國立高雄師範大學,D 日,M 碩士,1442,519,923,186,272,135,264,99,183,73,157,16,26,6,10,4,11,0,0,50 高雄市,3 師範,22.6236618,120.3210567
14,國立高雄師範大學,D 日,B 學士,3793,1874,1919,498,467,421,488,449,457,440,450,0,0,0,0,0,0,66,57,50 高雄市,3 師範,22.6236618,120.3210567
4,國立臺灣師範大學,D 日,M 碩士,4359,1873,2486,670,890,599,725,387,512,217,359,0,0,0,0,0,0,0,0,30 臺北市,3 師範,25.0261538,121.5274867
4,國立臺灣師範大學,D 日,B 學士,8313,3723,4590,936,1115,869,1137,843,1045,795,1019,0,0,0,0,0,0,280,274,30 臺北市,3 師範,25.0261538,121.5274867
4,國立臺灣師範大學,N 職,M 碩士,2134,627,1507,176,473,203,449,117,259,67,171,30,85,34,70,0,0,0,0,30 臺北市,3 師範,25.0261538,121.5274867
5,國立成功大學,D 日,D 博士,1872,1267,605,267,135,231,112,229,109,178,85,139,64,115,49,108,51,0,0,21 臺南市,1 一般,22.9988416,120.2195148
5,國立成功大學,D 日,M 碩士,7239,4614,2625,2144,1133,1861,1069,447,281,162,137,0,5,0,0,0,0,0,0,21 臺南市,1 一般,22.9988416,120.2195148
5,國立成功大學,D 日,B 學士,11758,7307,4451,1861,1079,1655,1072,1669,1031,1561,973,97,76,58,33,0,0,406,187,21 臺南市,1 一般,22.9988416,120.2195148
5,國立成功大學,N 職,M 碩士,1537,947,590,312,220,276,185,214,106,91,49,47,30,6,0,1,0,0,0,21 臺南市,1 一般,22.9988416,120.2195148
6,國立中興大學,D 日,D 博士,966,659,307,106,64,107,42,104,52,97,52,88,32,62,33,95,32,0,0,19 臺中市,1 一般,24.123552,120.675326
6,國立中興大學,D 日,M 碩士,3477,2053,1424,923,623,807,560,231,162,88,77,4,2,0,0,0,0,0,0,19 臺中市,1 一般,24.123552,120.675326
6,國立中興大學,D 日,B 學士,8069,4599,3470,1140,835,1055,797,1089,884,1082,797,38,49,0,0,0,0,195,108,19 臺中市,1 一般,24.123552,120.675326
6,國立中興大學,N 職,M 碩士,1706,1111,595,410,215,325,233,183,72,105,46,88,29,0,0,0,0,0,0,19 臺中市,1 一般,24.123552,120.675326
6,國立中興大學,P 進,B 學士,936,413,523,101,135,97,109,93,108,73,117,33,45,0,0,0,0,16,9,19 臺中市,1 一般,24.123552,120.675326
7,國立陽明交通大學,D 日,D 博士,2653,1831,822,370,177,287,151,306,153,279,106,223,93,157,61,209,81,0,0,18 新竹市,1 一般,24.7868862,120.9974969
7,國立陽明交通大學,D 日,M 碩士,7547,4783,2764,1905,1118,1721,1030,908,444,244,161,5,10,0,1,0,0,0,0,18 新竹市,1 一般,24.7868862,120.9974969
7,國立陽明交通大學,D 日,B 學士,8431,5430,3001,1289,681,1247,697,1248,755,1093,586,154,99,163,96,6,4,230,83,18 新竹市,1 一般,24.7868862,120.9974969
7,國立陽明交通大學,N 職,M 碩士,1781,1142,639,378,243,351,220,199,92,133,39,80,44,1,1,0,0,0,0,18 新竹市,1 一般,24.7868862,120.9974969
8,國立中央大學,D 日,D 博士,1007,705,302,148,60,120,48,112,45,113,45,79,43,70,31,63,30,0,0,03 桃園市,1 一般,24.9679966,121.1922029
8,國立中央大學,D 日,M 碩士,3620,2430,1190,1105,513,926,473,277,124,90,67,32,13,0,0,0,0,0,0,03 桃園市,1 一般,24.9679966,121.1922029
8,國立中央大學,D 日,B 學士,6068,3792,2276,995,573,911,590,860,518,869,540,0,0,0,0,0,0,157,55,03 桃園市,1 一般,24.9679966,121.1922029
8,國立中央大學,N 職,M 碩士,1433,896,537,344,227,314,204,112,66,74,16,37,19,15,5,0,0,0,0,03 桃園市,1 一般,24.9679966,121.1922029
9,國立中山大學,D 日,D 博士,823,540,283,115,70,103,63,90,39,76,43,65,28,49,20,42,20,0,0,50 高雄市,1 一般,22.628388,120.264737
9,國立中山大學,D 日,M 碩士,3180,1974,1206,870,540,718,420,273,172,110,71,3,3,0,0,0,0,0,0,50 高雄市,1 一般,22.628388,120.264737
9,國立中山大學,D 日,B 學士,4804,2926,1878,737,473,696,432,650,466,680,415,0,0,0,0,0,0,163,92,50 高雄市,1 一般,22.628388,120.264737
9,國立中山大學,N 職,M 碩士,1090,534,556,182,217,193,193,95,76,33,38,22,20,9,11,0,1,0,0,50 高雄市,1 一般,22.628388,120.264737
12,國立臺灣海洋大學,D 日,D 博士,330,237,93,34,22,43,11,40,23,38,12,24,10,21,3,37,12,0,0,17 基隆市,1 一般,25.1505447,121.7757756
12,國立臺灣海洋大學,D 日,M 碩士,1430,943,487,393,226,352,161,128,57,42,24,17,9,9,7,2,3,0,0,17 基隆市,1 一般,25.1505447,121.7757756
12,國立臺灣海洋大學,D 日,B 學士,6072,4156,1916,1036,485,983,459,949,484,926,448,0,0,0,0,0,0,262,40,17 基隆市,1 一般,25.1505447,121.7757756
12,國立臺灣海洋大學,N 職,M 碩士,647,403,244,167,99,129,75,53,39,22,18,13,6,15,3,4,4,0,0,17 基隆市,1 一般,25.1505447,121.7757756
12,國立臺灣海洋大學,N 修,X 4+X,1,1,0,0,0,0,0,0,0,0,0,0,0,0,0,0,0,1,0,17 基隆市,1 一般,25.1505447,121.7757756
1039,玄奘大學,D 日,B 學士,1630,681,949,119,202,170,232,164,214,166,250,0,0,0,0,0,0,62,51,18 新竹市,1 一般,24.7743891,120.9434509
1039,玄奘大學,N 職,M 碩士,142,45,97,13,28,13,28,8,16,7,14,3,10,1,1,0,0,0,0,18 新竹市,1 一般,24.7743891,120.9434509
1039,玄奘大學,P 進,B 學士,30,13,17,0,0,0,0,0,0,9,11,0,0,0,0,0,0,4,6,18 新竹市,1 一般,24.7743891,120.9434509
1040,建國科技大學,D 日,M 碩士,134,85,49,29,24,30,12,15,7,11,6,0,0,0,0,0,0,0,0,07 彰化縣,2 技職,24.0662822,120.549876
1040,建國科技大學,D 日,B 四技,3535,2421,1114,353,169,389,172,682,337,859,380,0,0,0,0,0,0,138,56,07 彰化縣,2 技職,24.0662822,120.549876
1040,建國科技大學,N 修,B 四技,1827,1356,471,294,149,268,109,386,89,335,117,0,0,0,0,0,0,73,7,07 彰化縣,2 技職,24.0662822,120.549876
1040,建國科技大學,N 修,C 二技,306,191,115,0,0,0,0,97,48,89,65,0,0,0,0,0,0,5,2,07 彰化縣,2 技職,24.0662822,120.549876
1040,建國科技大學,N 修,2 二專,69,41,28,9,11,25,16,0,0,0,0,0,0,0,0,0,0,7,1,07 彰化縣,2 技職,24.0662822,120.549876
1041,明志科技大學,D 日,D 博士,37,29,8,14,6,5,0,2,1,6,1,1,0,1,0,0,0,0,0,01 新北市,2 技職,25.0410187,121.4222651
1041,明志科技大學,D 日,M 碩士,473,348,125,164,54,127,57,41,9,16,5,0,0,0,0,0,0,0,0,01 新北市,2 技職,25.0410187,121.4222651
1041,明志科技大學,D 日,B 四技,3625,2626,999,633,273,627,239,614,247,620,227,0,0,0,0,0,0,132,13,01 新北市,2 技職,25.0410187,121.4222651
1041,明志科技大學,N 職,M 碩士,20,17,3,10,2,3,0,2,0,2,1,0,0,0,0,0,0,0,0,01 新北市,2 技職,25.0410187,121.4222651
1041,明志科技大學,N 修,B 四技,283,268,15,25,3,23,1,86,5,98,5,0,0,0,0,0,0,36,1,01 新北市,2 技職,25.0410187,121.4222651
1042,高苑科技大學,D 日,M 碩士,83,45,38,16,18,23,14,1,6,5,0,0,0,0,0,0,0,0,0,12 高雄市,2 技職,22.8409222,120.2646319
1042,高苑科技大學,D 日,B 四技,1640,1043,597,214,160,154,109,243,155,393,162,0,0,0,0,0,0,39,11,12 高雄市,2 技職,22.8409222,120.2646319
1042,高苑科技大學,N 職,M 碩士,178,117,61,63,46,47,12,3,2,2,0,2,1,0,0,0,0,0,0,12 高雄市,2 技職,22.8409222,120.2646319
1042,高苑科技大學,N 修,B 四技,786,623,163,129,65,123,26,136,22,147,38,0,0,0,0,0,0,88,12,12 高雄市,2 技職,22.8409222,120.2646319
1042,高苑科技大學,N 修,C 二技,286,176,110,0,0,0,0,78,65,73,42,0,0,0,0,0,0,25,3,12 高雄市,2 技職,22.8409222,120.2646319
1042,高苑科技大學,N 修,2 二專,167,91,76,35,47,16,26,0,0,0,0,0,0,0,0,0,0,40,3,12 高雄市,2 技職,22.8409222,120.2646319
1043,大仁科技大學,D 日,M 碩士,78,35,43,15,29,13,8,7,6,0,0,0,0,0,0,0,0,0,0,13 屏東縣,2 技職,22.726916,120.542329
1043,大仁科技大學,D 日,B 四技,3110,1483,1627,303,330,283,315,359,398,335,382,85,111,0,0,0,0,118,91,13 屏東縣,2 技職,22.726916,120.542329
1043,大仁科技大學,N 職,M 碩士,167,87,80,33,28,46,43,6,7,2,2,0,0,0,0,0,0,0,0,13 屏東縣,2 技職,22.726916,120.542329
1043,大仁科技大學,N 修,B 四技,167,104,63,18,16,11,13,23,14,39,14,0,0,0,0,0,0,13,6,13 屏東縣,2 技職,22.726916,120.542329
1043,大仁科技大學,N 修,C 二技,1320,462,858,0,0,0,0,252,459,196,377,0,0,0,0,0,0,14,22,13 屏東縣,2 技職,22.726916,120.542329
1043,大仁科技大學,N 修,2 二專,92,47,45,21,23,18,20,0,0,0,0,0,0,0,0,0,0,8,2,13 屏東縣,2 技職,22.726916,120.542329
1044,聖約翰科技大學,D 日,M 碩士,88,62,26,18,11,16,8,16,4,12,3,0,0,0,0,0,0,0,0,01 新北市,2 技職,25.2273378,121.4510391
1044,聖約翰科技大學,D 日,B 四技,1018,641,377,65,24,66,57,159,100,246,150,0,0,0,0,0,0,105,46,01 新北市,2 技職,25.2273378,121.4510391
1044,聖約翰科技大學,D 日,C 二技,2,0,2,0,0,0,0,0,0,0,2,0,0,0,0,0,0,0,0,01 新北市,2 技職,25.2273378,121.4510391
1044,聖約翰科技大學,D 日,5 五專,158,125,33,0,0,10,4,33,7,40,10,32,9,0,0,0,0,10,3,01 新北市,2 技職,25.2273378,121.4510391
1044,聖約翰科技大學,N 職,M 碩士,105,78,27,24,10,20,11,21,6,13,0,0,0,0,0,0,0,0,0,01 新北市,2 技職,25.2273378,121.4510391
1044,聖約翰科技大學,N 修,B 四技,305,248,57,48,8,24,1,103,17,71,30,0,0,0,0,0,0,2,1,01 新北市,2 技職,25.2273378,121.4510391
1044,聖約翰科技大學,N 修,C 二技,83,58,25,0,0,0,0,26,6,32,19,0,0,0,0,0,0,0,0,01 新北市,2 技職,25.2273378,121.4510391
1044,聖約翰科技大學,N 修,2 二專,79,53,26,27,10,26,12,0,0,0,0,0,0,0,0,0,0,0,4,01 新北市,2 技職,25.2273378,121.4510391
1045,嶺東科技大學,D 日,M 碩士,239,118,121,53,61,48,38,9,13,8,9,0,0,0,0,0,0,0,0,19 臺中市,2 技職,24.137825,120.609567
1045,嶺東科技大學,D 日,B 四技,7205,2689,4516,623,1069,632,1108,639,1177,673,1068,0,0,0,0,0,0,122,94,19 臺中市,2 技職,24.137825,120.609567
1045,嶺東科技大學,D 日,C 二技,1,0,1,0,0,0,0,0,0,0,1,0,0,0,0,0,0,0,0,19 臺中市,2 技職,24.137825,120.609567
1045,嶺東科技大學,N 職,M 碩士,157,98,59,64,34,27,20,5,3,2,2,0,0,0,0,0,0,0,0,19 臺中市,2 技職,24.137825,120.609567
1045,嶺東科技大學,N 修,B 四技,2651,1476,1175,391,300,344,261,322,288,293,253,0,0,0,0,0,0,126,73,19 臺中市,2 技職,24.137825,120.609567
1046,中國科技大學,D 日,M 碩士,183,102,81,49,37,27,27,16,13,10,4,0,0,0,0,0,0,0,0,30 臺北市,2 技職,24.9991431,121.5553747
1046,中國科技大學,D 日,B 四技,6058,2800,3258,671,760,589,691,725,836,638,828,0,0,0,0,0,0,177,143,30 臺北市,2 技職,24.9991431,121.5553747
1046,中國科技大學,D 日,C 二技,7,2,5,0,0,0,0,2,5,0,0,0,0,0,0,0,0,0,0,30 臺北市,2 技職,24.9991431,121.5553747
1046,中國科技大學,N 職,M 碩士,82,56,26,21,19,30,7,4,0,1,0,0,0,0,0,0,0,0,0,30 臺北市,2 技職,24.9991431,121.5553747
1046,中國科技大學,N 修,B 四技,1115,655,460,177,113,126,104,160,101,120,99,0,0,0,0,0,0,72,43,30 臺北市,2 技職,24.9991431,121.5553747
1009,長庚大學,D 日,D 博士,443,292,151,50,29,35,22,44,17,36,22,33,15,32,12,62,34,0,0,03 桃園市,1 一般,25.0334479,121.3874856
1009,長庚大學,D 日,M 碩士,1062,510,552,211,227,179,175,83,84,31,46,3,14,3,6,0,0,0,0,03 桃園市,1 一般,25.0334479,121.3874856
1009,長庚大學,D 日,B 學士,5236,2553,2683,573,670,590,578,537,633,546,565,103,66,82,76,25,19,97,76,03 桃園市,1 一般,25.0334479,121.3874856
1009,長庚大學,N 職,M 碩士,189,94,95,36,48,29,39,14,4,5,3,8,1,2,0,0,0,0,0,03 桃園市,1 一般,25.0334479,121.3874856
1010,元智大學,D 日,D 博士,261,196,65,40,12,29,9,32,13,35,10,26,11,14,4,20,6,0,0,03 桃園市,1 一般,24.9701632,121.2674614
1010,元智大學,D 日,M 碩士,770,476,294,210,148,159,94,67,33,39,17,1,2,0,0,0,0,0,0,03 桃園市,1 一般,24.9701632,121.2674614
1010,元智大學,D 日,B 學士,7165,4012,3153,1014,842,983,755,891,739,891,711,0,0,0,0,0,0,233,106,03 桃園市,1 一般,24.9701632,121.2674614
1010,元智大學,N 職,M 碩士,603,390,213,131,83,105,66,63,22,41,23,16,8,30,10,4,1,0,0,03 桃園市,1 一般,24.9701632,121.2674614
1011,中華大學,D 日,D 博士,76,55,21,11,3,12,5,11,4,9,3,3,2,2,2,7,2,0,0,18 新竹市,1 一般,24.7571306,120.9522639
1011,中華大學,D 日,M 碩士,285,183,102,106,56,39,23,24,18,13,5,1,0,0,0,0,0,0,0,18 新竹市,1 一般,24.7571306,120.9522639
1011,中華大學,D 日,B 學士,4113,2725,1388,686,324,607,316,577,295,658,375,19,7,0,0,0,0,178,71,18 新竹市,1 一般,24.7571306,120.9522639
1011,中華大學,N 職,M 碩士,155,89,66,48,33,23,28,12,2,6,3,0,0,0,0,0,0,0,0,18 新竹市,1 一般,24.7571306,120.9522639
1011,中華大學,N 修,C 二技,243,171,72,0,0,0,0,13,6,156,65,0,0,0,0,0,0,2,1,18 新竹市,2 技職,24.7571306,120.9522639
1011,中華大學,P 進,B 學士,173,117,56,52,21,21,16,15,7,21,5,0,0,0,0,0,0,8,7,18 新竹市,1 一般,24.7571306,120.9522639
1012,大葉大學,D 日,D 博士,115,83,32,11,13,15,6,17,4,12,3,10,1,13,2,5,3,0,0,07 彰化縣,1 一般,23.9997509,120.5956723
1012,大葉大學,D 日,M 碩士,392,236,156,115,79,60,34,35,27,25,15,1,1,0,0,0,0,0,0,07 彰化縣,1 一般,23.9997509,120.5956723
1012,大葉大學,D 日,B 學士,5638,3018,2620,615,543,688,595,725,644,783,753,0,0,0,0,0,0,207,85,07 彰化縣,1 一般,23.9997509,120.5956723
1012,大葉大學,N 職,M 碩士,216,82,134,49,72,14,34,7,12,2,7,3,3,7,6,0,0,0,0,07 彰化縣,1 一般,23.9997509,120.5956723
1012,大葉大學,N 修,C 二技,74,1,73,0,0,0,0,0,23,1,26,0,0,0,0,0,0,0,24,07 彰化縣,2 技職,23.9997509,120.5956723
1012,大葉大學,P 進,B 學士,340,214,126,43,25,46,16,42,27,64,53,0,0,0,0,0,0,19,5,07 彰化縣,1 一般,23.9997509,120.5956723
1013,華梵大學,D 日,D 博士,65,31,34,2,9,5,5,5,5,5,4,5,3,6,3,3,5,0,0,01 新北市,1 一般,24.9808468,121.6910371
1013,華梵大學,D 日,M 碩士,167,74,93,25,34,23,19,12,25,14,15,0,0,0,0,0,0,0,0,01 新北市,1 一般,24.9808468,121.6910371
1013,華梵大學,D 日,B 學士,668,347,321,83,100,66,65,52,40,105,98,0,0,0,0,0,0,41,18,01 新北市,1 一般,24.9808468,121.6910371
1013,華梵大學,N 職,M 碩士,190,79,111,34,60,15,28,23,16,4,2,2,0,1,5,0,0,0,0,01 新北市,1 一般,24.9808468,121.6910371
1014,義守大學,D 日,D 博士,155,107,48,16,5,21,8,15,13,16,7,13,7,15,3,11,5,0,0,12 高雄市,1 一般,22.7271723,120.4058219
1014,義守大學,D 日,M 碩士,360,200,160,84,71,75,46,31,30,10,13,0,0,0,0,0,0,0,0,12 高雄市,1 一般,22.7271723,120.4058219
1014,義守大學,D 日,B 學士,12061,6091,5970,1467,1487,1462,1460,1462,1377,1287,1408,22,29,0,0,0,0,391,209,12 高雄市,1 一般,22.7271723,120.4058219
1014,義守大學,N 職,M 碩士,342,221,121,95,65,74,41,18,7,17,3,13,4,4,1,0,0,0,0,12 高雄市,1 一般,22.7271723,120.4058219
1014,義守大學,N 修,C 二技,164,28,136,0,0,0,0,13,70,12,59,0,0,0,0,0,0,3,7,12 高雄市,2 技職,22.7271723,120.4058219
1014,義守大學,P 進,B 學士,877,637,240,206,57,75,30,111,68,167,58,0,0,0,0,0,0,78,27,12 高雄市,1 一般,22.7271723,120.4058219
1015,世新大學,D 日,D 博士,87,45,42,9,6,8,10,7,7,7,9,5,4,3,2,6,4,0,0,30 臺北市,1 一般,24.988664,121.543984
1015,世新大學,D 日,M 碩士,582,273,309,115,149,80,80,36,48,42,31,0,1,0,0,0,0,0,0,30 臺北市,1 一般,24.988664,121.543984
1015,世新大學,D 日,B 學士,9517,3421,6096,863,1479,813,1454,819,1485,760,1490,0,0,0,0,0,0,166,188,30 臺北市,1 一般,24.988664,121.543984
1015,世新大學,N 職,M 碩士,656,337,319,103,107,70,76,53,50,40,29,31,37,40,20,0,0,0,0,30 臺北市,1 一般,24.988664,121.543984
1015,世新大學,P 進,B 學士,592,218,374,76,139,40,59,36,73,54,83,0,0,0,0,0,0,12,20,30 臺北市,1 一般,24.988664,121.543984
1016,銘傳大學,D 日,D 博士,69,33,36,6,5,4,3,8,7,2,9,3,5,7,3,3,4,0,0,30 臺北市,1 一般,24.9844926,121.3423688
1016,銘傳大學,D 日,M 碩士,765,329,436,132,191,108,132,45,64,44,49,0,0,0,0,0,0,0,0,30 臺北市,1 一般,24.9844926,121.3423688
1016,銘傳大學,D 日,B 學士,17355,6893,10462,1732,2529,1530,2542,1572,2530,1537,2440,26,27,0,0,0,0,496,394,30 臺北市,1 一般,24.9844926,121.3423688
1016,銘傳大學,N 職,M 碩士,781,343,438,107,160,109,155,40,46,39,33,25,32,23,12,0,0,0,0,30 臺北市,1 一般,24.9844926,121.3423688
1017,實踐大學,D 日,D 博士,32,13,19,3,0,1,3,2,8,2,2,4,3,0,3,1,0,0,0,30 臺北市,1 一般,25.083982,121.5459518
1017,實踐大學,D 日,M 碩士,383,170,213,61,71,38,66,40,44,29,31,2,1,0,0,0,0,0,0,30 臺北市,1 一般,25.083982,121.5459518
1017,實踐大學,D 日,B 學士,10582,3452,7130,859,1674,843,1705,754,1728,691,1665,12,24,0,0,0,0,293,334,30 臺北市,1 一般,25.083982,121.5459518
1017,實踐大學,N 職,M 碩士,117,42,75,12,23,14,25,8,13,7,13,1,1,0,0,0,0,0,0,30 臺北市,1 一般,25.083982,121.5459518
1017,實踐大學,N 修,C 二技,98,25,73,0,0,0,0,10,28,13,35,0,0,0,0,0,0,2,10,30 臺北市,2 技職,25.083982,121.5459518
1046,中國科技大學,N 修,C 二技,776,413,363,0,0,0,0,184,190,217,170,0,0,0,0,0,0,12,3,30 臺北市,2 技職,24.9991431,121.5553747
1046,中國科技大學,N 修,X 4+X,1,0,1,0,0,0,0,0,0,0,0,0,0,0,0,0,0,0,1,30 臺北市,2 技職,24.9991431,121.5553747
1046,中國科技大學,N 修,2 二專,390,196,194,103,81,66,96,0,0,0,0,0,0,0,0,0,0,27,17,30 臺北市,2 技職,24.9991431,121.5553747
1047,中臺科技大學,D 日,D 博士,9,6,3,2,1,1,0,1,1,0,1,0,0,0,0,2,0,0,0,19 臺中市,2 技職,24.173734,120.7351321
1047,中臺科技大學,D 日,M 碩士,118,35,83,15,33,14,29,4,8,1,6,1,7,0,0,0,0,0,0,19 臺中市,2 技職,24.173734,120.7351321
1047,中臺科技大學,D 日,B 四技,4344,1838,2506,386,506,413,511,442,666,452,682,0,0,0,0,0,0,145,141,19 臺中市,2 技職,24.173734,120.7351321
1047,中臺科技大學,D 日,C 二技,575,92,483,0,0,0,0,48,251,43,228,0,0,0,0,0,0,1,4,19 臺中市,2 技職,24.173734,120.7351321
1047,中臺科技大學,D 日,2 二專,16,6,10,6,10,0,0,0,0,0,0,0,0,0,0,0,0,0,0,19 臺中市,2 技職,24.173734,120.7351321
1047,中臺科技大學,N 職,M 碩士,266,57,209,23,86,14,58,9,37,9,23,2,5,0,0,0,0,0,0,19 臺中市,2 技職,24.173734,120.7351321
1047,中臺科技大學,N 修,B 四技,1502,528,974,130,246,135,225,123,217,100,198,14,54,0,0,0,0,26,34,19 臺中市,2 技職,24.173734,120.7351321
1047,中臺科技大學,N 修,C 二技,774,103,671,0,0,0,0,41,388,46,242,14,34,0,0,0,0,2,7,19 臺中市,2 技職,24.173734,120.7351321
1048,亞洲大學,D 日,D 博士,235,146,89,26,20,27,15,30,17,25,15,15,8,16,8,7,6,0,0,06 臺中市,1 一般,24.046532,120.686421
1048,亞洲大學,D 日,M 碩士,603,242,361,87,161,81,90,51,59,23,51,0,0,0,0,0,0,0,0,06 臺中市,1 一般,24.046532,120.686421
1048,亞洲大學,D 日,B 學士,9443,3320,6123,798,1554,794,1500,779,1444,775,1475,0,0,0,0,0,0,174,150,06 臺中市,1 一般,24.046532,120.686421
1048,亞洲大學,N 職,M 碩士,426,197,229,129,145,52,51,13,22,3,11,0,0,0,0,0,0,0,0,06 臺中市,1 一般,24.046532,120.686421
1048,亞洲大學,P 進,B 學士,724,330,394,88,110,66,84,53,69,79,102,0,0,0,0,0,0,44,29,06 臺中市,1 一般,24.046532,120.686421
1049,開南大學,D 日,M 碩士,216,79,137,37,71,23,28,7,25,10,12,1,0,1,1,0,0,0,0,03 桃園市,1 一般,25.0112224,121.2698598
1049,開南大學,D 日,B 學士,3648,1733,1915,345,415,429,442,404,455,411,463,0,0,0,0,0,0,144,140,03 桃園市,1 一般,25.0112224,121.2698598
1049,開南大學,N 職,M 碩士,317,177,140,89,91,46,30,16,7,10,7,12,4,4,1,0,0,0,0,03 桃園市,1 一般,25.0112224,121.2698598
1049,開南大學,P 進,B 學士,927,534,393,118,83,122,107,146,91,123,102,0,0,0,0,0,0,25,10,03 桃園市,1 一般,25.0112224,121.2698598
1050,佛光大學,D 日,D 博士,63,21,42,0,9,4,7,4,6,4,9,3,3,1,6,5,2,0,0,02 宜蘭縣,1 一般,24.8164113,121.7236181
1050,佛光大學,D 日,M 碩士,429,172,257,70,104,33,56,32,54,35,42,1,0,0,1,1,0,0,0,02 宜蘭縣,1 一般,24.8164113,121.7236181
1050,佛光大學,D 日,B 學士,2637,1229,1408,302,347,307,335,283,345,260,342,0,0,0,0,0,0,77,39,02 宜蘭縣,1 一般,24.8164113,121.7236181
1050,佛光大學,N 職,M 碩士,113,57,56,27,34,12,8,0,3,8,7,10,4,0,0,0,0,0,0,02 宜蘭縣,1 一般,24.8164113,121.7236181
1051,台南應用科技大學,D 日,M 碩士,101,29,72,11,30,11,23,6,10,1,9,0,0,0,0,0,0,0,0,11 臺南市,2 技職,23.0387,120.2394972
1051,台南應用科技大學,D 日,B 四技,7673,2314,5359,563,1309,526,1298,597,1362,533,1305,0,0,0,0,0,0,95,85,11 臺南市,2 技職,23.0387,120.2394972
1051,台南應用科技大學,D 日,C 二技,480,85,395,0,0,0,0,39,190,40,178,0,0,0,0,0,0,6,27,11 臺南市,2 技職,23.0387,120.2394972
1051,台南應用科技大學,D 日,5 五專,950,231,719,38,129,45,133,55,145,52,163,41,149,0,0,0,0,0,0,11 臺南市,2 技職,23.0387,120.2394972
1051,台南應用科技大學,N 職,M 碩士,100,24,76,9,26,12,23,2,11,0,7,1,9,0,0,0,0,0,0,11 臺南市,2 技職,23.0387,120.2394972
1051,台南應用科技大學,N 修,B 四技,2213,847,1366,171,260,188,320,218,380,215,348,0,0,0,0,0,0,55,58,11 臺南市,2 技職,23.0387,120.2394972
1051,台南應用科技大學,N 修,C 二技,199,22,177,0,0,0,0,5,77,16,92,0,0,0,0,0,0,1,8,11 臺南市,2 技職,23.0387,120.2394972
1052,遠東科技大學,D 日,M 碩士,276,147,129,58,57,63,68,20,2,6,2,0,0,0,0,0,0,0,0,11 臺南市,2 技職,23.0646068,120.2943546
1052,遠東科技大學,D 日,B 四技,2438,1716,722,225,93,332,128,420,186,541,267,0,0,0,0,0,0,198,48,11 臺南市,2 技職,23.0646068,120.2943546
1052,遠東科技大學,N 職,M 碩士,39,37,2,8,1,13,1,8,0,5,0,2,0,1,0,0,0,0,0,11 臺南市,2 技職,23.0646068,120.2943546
1052,遠東科技大學,N 修,B 四技,486,378,108,72,17,60,23,120,25,106,38,0,0,0,0,0,0,20,5,11 臺南市,2 技職,23.0646068,120.2943546
1052,遠東科技大學,N 修,C 二技,321,191,130,0,0,0,0,98,77,85,50,0,0,0,0,0,0,8,3,11 臺南市,2 技職,23.0646068,120.2943546
1052,遠東科技大學,N 修,2 二專,197,125,72,55,37,66,33,0,0,0,0,0,0,0,0,0,0,4,2,11 臺南市,2 技職,23.0646068,120.2943546
1053,元培醫事科技大學,D 日,D 博士,2,2,0,1,0,1,0,0,0,0,0,0,0,0,0,0,0,0,0,18 新竹市,2 技職,24.776337,120.9428296
1053,元培醫事科技大學,D 日,M 碩士,265,120,145,49,61,42,48,19,21,10,15,0,0,0,0,0,0,0,0,18 新竹市,2 技職,24.776337,120.9428296
1053,元培醫事科技大學,D 日,B 四技,3501,1474,2027,321,499,307,445,362,496,356,499,0,0,0,0,0,0,128,88,18 新竹市,2 技職,24.776337,120.9428296
1053,元培醫事科技大學,D 日,C 二技,103,8,95,0,0,0,0,5,46,3,48,0,0,0,0,0,0,0,1,18 新竹市,2 技職,24.776337,120.9428296
1053,元培醫事科技大學,N 職,M 碩士,41,9,32,7,14,1,7,1,9,0,2,0,0,0,0,0,0,0,0,18 新竹市,2 技職,24.776337,120.9428296
1053,元培醫事科技大學,N 修,B 四技,1390,709,681,101,122,183,180,219,178,181,172,0,0,0,0,0,0,25,29,18 新竹市,2 技職,24.776337,120.9428296
1077,慈濟科技大學,D 日,B 四技,1289,496,793,125,197,106,196,123,197,114,190,0,0,0,0,0,0,28,13,15 花蓮縣,2 技職,23.9966876,121.564793
1077,慈濟科技大學,D 日,C 二技,273,28,245,0,0,0,0,16,125,12,118,0,0,0,0,0,0,0,2,15 花蓮縣,2 技職,23.9966876,121.564793
1077,慈濟科技大學,D 日,2 二專,14,4,10,0,0,4,10,0,0,0,0,0,0,0,0,0,0,0,0,15 花蓮縣,2 技職,23.9966876,121.564793
1077,慈濟科技大學,D 日,5 五專,1349,206,1143,27,216,48,253,42,237,36,200,45,207,0,0,0,0,8,30,15 花蓮縣,2 技職,23.9966876,121.564793
1077,慈濟科技大學,N 修,B 四技,11,4,7,0,0,1,0,1,1,1,4,0,0,0,0,0,0,1,2,15 花蓮縣,2 技職,23.9966876,121.564793
1077,慈濟科技大學,N 修,C 二技,203,21,182,0,0,0,0,9,92,11,86,0,0,0,0,0,0,1,4,15 花蓮縣,2 技職,23.9966876,121.564793
1077,慈濟科技大學,N 修,2 二專,11,5,6,0,0,5,3,0,0,0,0,0,0,0,0,0,0,0,3,15 花蓮縣,2 技職,23.9966876,121.564793
1078,致理科技大學,D 日,M 碩士,50,10,40,5,12,3,16,1,9,1,3,0,0,0,0,0,0,0,0,01 新北市,2 技職,25.0210986,121.4651279
1078,致理科技大學,D 日,B 四技,6435,2105,4330,495,1054,552,1022,451,1065,459,1035,0,0,0,0,0,0,148,154,01 新北市,2 技職,25.0210986,121.4651279
1078,致理科技大學,D 日,C 二技,221,41,180,0,0,0,0,19,90,20,88,0,0,0,0,0,0,2,2,01 新北市,2 技職,25.0210986,121.4651279
14,國立高雄師範大學,N 職,M 碩士,1454,520,934,175,341,187,275,67,160,36,66,31,49,24,43,0,0,0,0,50 高雄市,3 師範,22.6236618,120.3210567
15,國立彰化師範大學,D 日,D 博士,506,300,206,43,39,52,26,40,33,49,27,43,31,41,26,32,24,0,0,07 彰化縣,3 師範,24.0812771,120.5587377
15,國立彰化師範大學,D 日,M 碩士,1655,828,827,328,301,282,253,124,150,90,111,4,6,0,6,0,0,0,0,07 彰化縣,3 師範,24.0812771,120.5587377
15,國立彰化師範大學,D 日,B 學士,4942,2655,2287,644,581,637,538,637,558,597,544,0,0,0,0,0,0,140,66,07 彰化縣,3 師範,24.0812771,120.5587377
15,國立彰化師範大學,N 職,M 碩士,1356,568,788,206,245,199,228,57,109,44,85,29,71,33,50,0,0,0,0,07 彰化縣,3 師範,24.0812771,120.5587377
17,國立臺北大學,D 日,D 博士,212,142,70,27,10,25,15,29,11,19,7,11,11,17,8,14,8,0,0,01 新北市,1 一般,24.9438411,121.370802
17,國立臺北大學,D 日,M 碩士,1404,710,694,272,286,257,224,118,103,62,77,1,4,0,0,0,0,0,0,01 新北市,1 一般,24.9438411,121.370802
17,國立臺北大學,D 日,B 學士,5956,2733,3223,713,760,652,775,631,804,591,764,0,0,0,0,0,0,146,120,01 新北市,1 一般,24.9438411,121.370802
17,國立臺北大學,N 職,M 碩士,595,279,316,125,121,97,117,38,43,13,22,6,13,0,0,0,0,0,0,01 新北市,1 一般,24.9438411,121.370802
17,國立臺北大學,P 進,B 學士,2069,823,1246,237,331,217,291,159,274,145,276,0,0,0,0,0,0,65,74,01 新北市,1 一般,24.9438411,121.370802
18,國立嘉義大學,D 日,D 博士,195,111,84,22,11,16,19,17,14,16,8,14,7,9,7,17,18,0,0,20 嘉義市,1 一般,23.4681944,120.484174
18,國立嘉義大學,D 日,M 碩士,1278,609,669,243,235,191,207,107,134,68,93,0,0,0,0,0,0,0,0,20 嘉義市,1 一般,23.4681944,120.484174
18,國立嘉義大學,D 日,B 學士,7516,3825,3691,995,970,959,873,872,892,862,871,27,23,0,0,0,0,110,62,20 嘉義市,1 一般,23.4681944,120.484174
18,國立嘉義大學,N 職,M 碩士,929,352,577,118,221,109,176,58,88,67,92,0,0,0,0,0,0,0,0,20 嘉義市,1 一般,23.4681944,120.484174
18,國立嘉義大學,P 進,B 學士,1887,1184,703,313,187,270,171,268,163,240,158,0,0,0,0,0,0,93,24,20 嘉義市,1 一般,23.4681944,120.484174
19,國立高雄大學,D 日,D 博士,30,24,6,4,1,3,2,4,1,5,1,2,0,4,0,2,1,0,0,50 高雄市,1 一般,22.7341433,120.2849143
19,國立高雄大學,D 日,M 碩士,656,427,229,172,97,165,71,60,31,29,29,1,1,0,0,0,0,0,0,50 高雄市,1 一般,22.7341433,120.2849143
19,國立高雄大學,D 日,B 學士,4534,2644,1890,671,467,624,464,627,457,609,451,0,0,0,0,0,0,113,51,50 高雄市,1 一般,22.7341433,120.2849143
19,國立高雄大學,N 職,M 碩士,550,339,211,123,82,77,54,58,33,39,17,26,18,16,7,0,0,0,0,50 高雄市,1 一般,22.7341433,120.2849143
19,國立高雄大學,N 修,C 二技,146,76,70,0,0,0,0,25,33,26,19,0,0,0,0,0,0,25,18,50 高雄市,2 技職,22.7341433,120.2849143
20,國立東華大學,D 日,D 博士,423,242,181,50,42,37,37,41,32,37,23,22,16,23,13,32,18,0,0,15 花蓮縣,1 一般,23.8975385,121.5418018
20,國立東華大學,D 日,M 碩士,1418,719,699,281,245,207,177,120,136,87,109,14,15,10,17,0,0,0,0,15 花蓮縣,1 一般,23.8975385,121.5418018
20,國立東華大學,D 日,B 學士,7847,3689,4158,951,1087,865,986,873,967,743,919,0,0,0,0,0,0,257,199,15 花蓮縣,1 一般,23.8975385,121.5418018
20,國立東華大學,N 職,M 碩士,563,223,340,75,105,63,102,36,44,26,42,14,24,9,23,0,0,0,0,15 花蓮縣,1 一般,23.8975385,121.5418018
21,國立暨南國際大學,D 日,D 博士,342,180,162,36,29,29,23,30,26,19,22,26,21,23,18,17,23,0,0,08 南投縣,1 一般,23.9511431,120.9306649
21,國立暨南國際大學,D 日,M 碩士,808,353,455,148,168,103,115,56,84,41,69,4,13,1,6,0,0,0,0,08 南投縣,1 一般,23.9511431,120.9306649
21,國立暨南國際大學,D 日,B 學士,4606,2197,2409,624,632,529,567,476,536,440,588,0,0,0,0,0,0,128,86,08 南投縣,1 一般,23.9511431,120.9306649
21,國立暨南國際大學,N 職,M 碩士,486,174,312,69,110,50,103,22,45,14,24,7,16,12,14,0,0,0,0,08 南投縣,1 一般,23.9511431,120.9306649
22,國立臺灣科技大學,D 日,D 博士,1063,803,260,199,71,180,62,160,49,87,33,66,23,58,11,53,11,0,0,30 臺北市,2 技職,25.0132583,121.5405609
22,國立臺灣科技大學,D 日,M 碩士,3738,2598,1140,1286,573,1048,462,215,80,47,24,2,1,0,0,0,0,0,0,30 臺北市,2 技職,25.0132583,121.5405609
22,國立臺灣科技大學,D 日,B 四技,5583,3918,1665,981,418,965,418,904,402,881,369,0,0,0,0,0,0,187,58,30 臺北市,2 技職,25.0132583,121.5405609
22,國立臺灣科技大學,D 日,C 二技,59,12,47,0,0,0,0,3,23,5,21,0,0,0,0,0,0,4,3,30 臺北市,2 技職,25.0132583,121.5405609
22,國立臺灣科技大學,N 職,M 碩士,786,483,303,200,141,184,114,63,27,33,19,1,1,2,1,0,0,0,0,30 臺北市,2 技職,25.0132583,121.5405609
23,國立雲林科技大學,D 日,D 博士,427,260,167,51,30,55,39,43,21,35,24,21,24,28,13,27,16,0,0,09 雲林縣,2 技職,23.6960596,120.5340433
23,國立雲林科技大學,D 日,M 碩士,1955,1223,732,555,292,464,293,154,113,50,34,0,0,0,0,0,0,0,0,09 雲林縣,2 技職,23.6960596,120.5340433
