ID,predicted_price
PU-1,0.0
PU-2,0.0
PU-3,0.0
PU-4,0.0
PU-5,0.0
PU-6,0.0
PU-7,0.0
PU-8,0.0
PU-9,0.0
PU-10,0.0
PU-11,0.0
PU-12,0.0
PU-13,0.0
PU-14,0.0
PU-15,0.0
PU-16,0.0
PU-17,0.0
PU-18,0.0
PU-19,0.0
PU-20,0.0
PU-21,0.0
PU-22,0.0
PU-23,0.0
PU-24,0.0
PU-25,0.0
PU-26,0.0
PU-27,0.0
PU-28,0.0
PU-29,0.0
PU-30,0.0
PU-31,0.0
PU-32,0.0
PU-33,0.0
PU-34,0.0
PU-35,0.0
PU-36,0.0
PU-37,0.0
PU-38,0.0
PU-39,0.0
PU-40,0.0
PU-41,0.0
PU-42,0.0
PU-43,0.0
PU-44,0.0
PU-45,0.0
PU-46,0.0
PU-47,0.0
PU-48,0.0
PU-49,0.0
PU-50,0.0
PU-51,0.0
PU-52,0.0
PU-53,0.0
PU-54,0.0
PU-55,0.0
PU-56,0.0
PU-57,0.0
PU-58,0.0
PU-59,0.0
PU-60,0.0
PU-61,0.0
PU-62,0.0
PU-63,0.0
PU-64,0.0
PU-65,0.0
PU-66,0.0
PU-67,0.0
PU-68,0.0
PU-69,0.0
PU-70,0.0
PU-71,0.0
PU-72,0.0
PU-73,0.0
PU-74,0.0
PU-75,0.0
PU-76,0.0
PU-77,0.0
PU-78,0.0
PU-79,0.0
PU-80,0.0
PU-81,0.0
PU-82,0.0
PU-83,0.0
PU-84,0.0
PU-85,0.0
PU-86,0.0
PU-87,0.0
PU-88,0.0
PU-89,0.0
PU-90,0.0
PU-91,0.0
PU-92,0.0
PU-93,0.0
PU-94,0.0
PU-95,0.0
PU-96,0.0
PU-97,0.0
PU-98,0.0
PU-99,0.0
PU-100,0.0
PU-101,0.0
PU-102,0.0
PU-103,0.0
PU-104,0.0
PU-105,0.0
PU-106,0.0
PU-107,0.0
PU-108,0.0
PU-109,0.0
PU-110,0.0
PU-111,0.0
PU-112,0.0
PU-113,0.0
PU-114,0.0
PU-115,0.0
PU-116,0.0
PU-117,0.0
PU-118,0.0
PU-119,0.0
PU-120,0.0
PU-121,0.0
PU-122,0.0
PU-123,0.0
PU-124,0.0
PU-125,0.0
PU-126,0.0
PU-127,0.0
PU-128,0.0
PU-129,0.0
PU-130,0.0
PU-131,0.0
PU-132,0.0
PU-133,0.0
PU-134,0.0
PU-135,0.0
PU-136,0.0
PU-137,0.0
PU-138,0.0
PU-139,0.0
PU-140,0.0
PU-141,0.0
PU-142,0.0
PU-143,0.0
PU-144,0.0
PU-145,0.0
PU-146,0.0
PU-147,0.0
PU-148,0.0
PU-149,0.0
PU-150,0.0
PU-151,0.0
PU-152,0.0
PU-153,0.0
PU-154,0.0
PU-155,0.0
PU-156,0.0
PU-157,0.0
PU-158,0.0
PU-159,0.0
PU-160,0.0
PU-161,0.0
PU-162,0.0
PU-163,0.0
PU-164,0.0
PU-165,0.0
PU-166,0.0
PU-167,0.0
PU-168,0.0
PU-169,0.0
PU-170,0.0
PU-171,0.0
PU-172,0.0
PU-173,0.0
PU-174,0.0
PU-175,0.0
PU-176,0.0
PU-177,0.0
PU-178,0.0
PU-179,0.0
PU-180,0.0
PU-181,0.0
PU-182,0.0
PU-183,0.0
PU-184,0.0
PU-185,0.0
PU-186,0.0
PU-187,0.0
PU-188,0.0
PU-189,0.0
PU-190,0.0
PU-191,0.0
PU-192,0.0
PU-193,0.0
PU-194,0.0
PU-195,0.0
PU-196,0.0
PU-197,0.0
PU-198,0.0
PU-199,0.0
PU-200,0.0
PU-201,0.0
PU-202,0.0
PU-203,0.0
PU-204,0.0
PU-205,0.0
PU-206,0.0
PU-207,0.0
PU-208,0.0
PU-209,0.0
PU-210,0.0
PU-211,0.0
PU-212,0.0
PU-213,0.0
PU-214,0.0
PU-215,0.0
PU-216,0.0
PU-217,0.0
PU-218,0.0
PU-219,0.0
PU-220,0.0
PU-221,0.0
PU-222,0.0
PU-223,0.0
PU-224,0.0
PU-225,0.0
PU-226,0.0
PU-227,0.0
PU-228,0.0
PU-229,0.0
PU-230,0.0
PU-231,0.0
PU-232,0.0
PU-233,0.0
PU-234,0.0
PU-235,0.0
PU-236,0.0
PU-237,0.0
PU-238,0.0
PU-239,0.0
PU-240,0.0
PU-241,0.0
PU-242,0.0
PU-243,0.0
PU-244,0.0
PU-245,0.0
PU-246,0.0
PU-247,0.0
PU-248,0.0
PU-249,0.0
PU-250,0.0
PU-251,0.0
PU-252,0.0
PU-253,0.0
PU-254,0.0
PU-255,0.0
PU-256,0.0
PU-257,0.0
PU-258,0.0
PU-259,0.0
PU-260,0.0
PU-261,0.0
PU-262,0.0
PU-263,0.0
PU-264,0.0
PU-265,0.0
PU-266,0.0
PU-267,0.0
PU-268,0.0
PU-269,0.0
PU-270,0.0
PU-271,0.0
PU-272,0.0
PU-273,0.0
PU-274,0.0
PU-275,0.0
PU-276,0.0
PU-277,0.0
PU-278,0.0
PU-279,0.0
PU-280,0.0
PU-281,0.0
PU-282,0.0
PU-283,0.0
PU-284,0.0
PU-285,0.0
PU-286,0.0
PU-287,0.0
PU-288,0.0
PU-289,0.0
PU-290,0.0
PU-291,0.0
PU-292,0.0
PU-293,0.0
PU-294,0.0
PU-295,0.0
PU-296,0.0
PU-297,0.0
PU-298,0.0
PU-299,0.0
PU-300,0.0
PU-301,0.0
PU-302,0.0
PU-303,0.0
PU-304,0.0
PU-305,0.0
PU-306,0.0
PU-307,0.0
PU-308,0.0
PU-309,0.0
PU-310,0.0
PU-311,0.0
PU-312,0.0
PU-313,0.0
PU-314,0.0
PU-315,0.0
PU-316,0.0
PU-317,0.0
PU-318,0.0
PU-319,0.0
PU-320,0.0
PU-321,0.0
PU-322,0.0
PU-323,0.0
PU-324,0.0
PU-325,0.0
PU-326,0.0
PU-327,0.0
PU-328,0.0
PU-329,0.0
PU-330,0.0
PU-331,0.0
PU-332,0.0
PU-333,0.0
PU-334,0.0
PU-335,0.0
PU-336,0.0
PU-337,0.0
PU-338,0.0
PU-339,0.0
PU-340,0.0
PU-341,0.0
PU-342,0.0
PU-343,0.0
PU-344,0.0
PU-345,0.0
PU-346,0.0
PU-347,0.0
PU-348,0.0
PU-349,0.0
PU-350,0.0
PU-351,0.0
PU-352,0.0
PU-353,0.0
PU-354,0.0
PU-355,0.0
PU-356,0.0
PU-357,0.0
PU-358,0.0
PU-359,0.0
PU-360,0.0
PU-361,0.0
PU-362,0.0
PU-363,0.0
PU-364,0.0
PU-365,0.0
PU-366,0.0
PU-367,0.0
PU-368,0.0
PU-369,0.0
PU-370,0.0
PU-371,0.0
PU-372,0.0
PU-373,0.0
PU-374,0.0
PU-375,0.0
PU-376,0.0
PU-377,0.0
PU-378,0.0
PU-379,0.0
PU-380,0.0
PU-381,0.0
PU-382,0.0
PU-383,0.0
PU-384,0.0
PU-385,0.0
PU-386,0.0
PU-387,0.0
PU-388,0.0
PU-389,0.0
PU-390,0.0
PU-391,0.0
PU-392,0.0
PU-393,0.0
PU-394,0.0
PU-395,0.0
PU-396,0.0
PU-397,0.0
PU-398,0.0
PU-399,0.0
PU-400,0.0
PU-401,0.0
PU-402,0.0
PU-403,0.0
PU-404,0.0
PU-405,0.0
PU-406,0.0
PU-407,0.0
PU-408,0.0
PU-409,0.0
PU-410,0.0
PU-411,0.0
PU-412,0.0
PU-413,0.0
PU-414,0.0
PU-415,0.0
PU-416,0.0
PU-417,0.0
PU-418,0.0
PU-419,0.0
PU-420,0.0
PU-421,0.0
PU-422,0.0
PU-423,0.0
PU-424,0.0
PU-425,0.0
PU-426,0.0
PU-427,0.0
PU-428,0.0
PU-429,0.0
PU-430,0.0
PU-431,0.0
PU-432,0.0
PU-433,0.0
PU-434,0.0
PU-435,0.0
PU-436,0.0
PU-437,0.0
PU-438,0.0
PU-439,0.0
PU-440,0.0
PU-441,0.0
PU-442,0.0
PU-443,0.0
PU-444,0.0
PU-445,0.0
PU-446,0.0
PU-447,0.0
PU-448,0.0
PU-449,0.0
PU-450,0.0
PU-451,0.0
PU-452,0.0
PU-453,0.0
PU-454,0.0
PU-455,0.0
PU-456,0.0
PU-457,0.0
PU-458,0.0
PU-459,0.0
PU-460,0.0
PU-461,0.0
PU-462,0.0
PU-463,0.0
PU-464,0.0
PU-465,0.0
PU-466,0.0
PU-467,0.0
PU-468,0.0
PU-469,0.0
PU-470,0.0
PU-471,0.0
PU-472,0.0
PU-473,0.0
PU-474,0.0
PU-475,0.0
PU-476,0.0
PU-477,0.0
PU-478,0.0
PU-479,0.0
PU-480,0.0
PU-481,0.0
PU-482,0.0
PU-483,0.0
PU-484,0.0
PU-485,0.0
PU-486,0.0
PU-487,0.0
PU-488,0.0
PU-489,0.0
PU-490,0.0
PU-491,0.0
PU-492,0.0
PU-493,0.0
PU-494,0.0
PU-495,0.0
PU-496,0.0
PU-497,0.0
PU-498,0.0
PU-499,0.0
PU-500,0.0
PU-501,0.0
PU-502,0.0
PU-503,0.0
PU-504,0.0
PU-505,0.0
PU-506,0.0
PU-507,0.0
PU-508,0.0
PU-509,0.0
PU-510,0.0
PU-511,0.0
PU-512,0.0
PU-513,0.0
PU-514,0.0
PU-515,0.0
PU-516,0.0
PU-517,0.0
PU-518,0.0
PU-519,0.0
PU-520,0.0
PU-521,0.0
PU-522,0.0
PU-523,0.0
PU-524,0.0
PU-525,0.0
PU-526,0.0
PU-527,0.0
PU-528,0.0
PU-529,0.0
PU-530,0.0
PU-531,0.0
PU-532,0.0
PU-533,0.0
PU-534,0.0
PU-535,0.0
PU-536,0.0
PU-537,0.0
PU-538,0.0
PU-539,0.0
PU-540,0.0
PU-541,0.0
PU-542,0.0
PU-543,0.0
PU-544,0.0
PU-545,0.0
PU-546,0.0
PU-547,0.0
PU-548,0.0
PU-549,0.0
PU-550,0.0
PU-551,0.0
PU-552,0.0
PU-553,0.0
PU-554,0.0
PU-555,0.0
PU-556,0.0
PU-557,0.0
PU-558,0.0
PU-559,0.0
PU-560,0.0
PU-561,0.0
PU-562,0.0
PU-563,0.0
PU-564,0.0
PU-565,0.0
PU-566,0.0
PU-567,0.0
PU-568,0.0
PU-569,0.0
PU-570,0.0
PU-571,0.0
PU-572,0.0
PU-573,0.0
PU-574,0.0
PU-575,0.0
PU-576,0.0
PU-577,0.0
PU-578,0.0
PU-579,0.0
PU-580,0.0
PU-581,0.0
PU-582,0.0
PU-583,0.0
PU-584,0.0
PU-585,0.0
PU-586,0.0
PU-587,0.0
PU-588,0.0
PU-589,0.0
PU-590,0.0
PU-591,0.0
PU-592,0.0
PU-593,0.0
PU-594,0.0
PU-595,0.0
PU-596,0.0
PU-597,0.0
PU-598,0.0
PU-599,0.0
PU-600,0.0
PU-601,0.0
PU-602,0.0
PU-603,0.0
PU-604,0.0
PU-605,0.0
PU-606,0.0
PU-607,0.0
PU-608,0.0
PU-609,0.0
PU-610,0.0
PU-611,0.0
PU-612,0.0
PU-613,0.0
PU-614,0.0
PU-615,0.0
PU-616,0.0
PU-617,0.0
PU-618,0.0
PU-619,0.0
PU-620,0.0
PU-621,0.0
PU-622,0.0
PU-623,0.0
PU-624,0.0
PU-625,0.0
PU-626,0.0
PU-627,0.0
PU-628,0.0
PU-629,0.0
PU-630,0.0
PU-631,0.0
PU-632,0.0
PU-633,0.0
PU-634,0.0
PU-635,0.0
PU-636,0.0
PU-637,0.0
PU-638,0.0
PU-639,0.0
PU-640,0.0
PU-641,0.0
PU-642,0.0
PU-643,0.0
PU-644,0.0
PU-645,0.0
PU-646,0.0
PU-647,0.0
PU-648,0.0
PU-649,0.0
PU-650,0.0
PU-651,0.0
PU-652,0.0
PU-653,0.0
PU-654,0.0
PU-655,0.0
PU-656,0.0
PU-657,0.0
PU-658,0.0
PU-659,0.0
PU-660,0.0
PU-661,0.0
PU-662,0.0
PU-663,0.0
PU-664,0.0
PU-665,0.0
PU-666,0.0
PU-667,0.0
PU-668,0.0
PU-669,0.0
PU-670,0.0
PU-671,0.0
PU-672,0.0
PU-673,0.0
PU-674,0.0
PU-675,0.0
PU-676,0.0
PU-677,0.0
PU-678,0.0
PU-679,0.0
PU-680,0.0
PU-681,0.0
PU-682,0.0
PU-683,0.0
PU-684,0.0
PU-685,0.0
PU-686,0.0
PU-687,0.0
PU-688,0.0
PU-689,0.0
PU-690,0.0
PU-691,0.0
PU-692,0.0
PU-693,0.0
PU-694,0.0
PU-695,0.0
PU-696,0.0
PU-697,0.0
PU-698,0.0
PU-699,0.0
PU-700,0.0
PU-701,0.0
PU-702,0.0
PU-703,0.0
PU-704,0.0
PU-705,0.0
PU-706,0.0
PU-707,0.0
PU-708,0.0
PU-709,0.0
PU-710,0.0
PU-711,0.0
PU-712,0.0
PU-713,0.0
PU-714,0.0
PU-715,0.0
PU-716,0.0
PU-717,0.0
PU-718,0.0
PU-719,0.0
PU-720,0.0
PU-721,0.0
PU-722,0.0
PU-723,0.0
PU-724,0.0
PU-725,0.0
PU-726,0.0
PU-727,0.0
PU-728,0.0
PU-729,0.0
PU-730,0.0
PU-731,0.0
PU-732,0.0
PU-733,0.0
PU-734,0.0
PU-735,0.0
PU-736,0.0
PU-737,0.0
PU-738,0.0
PU-739,0.0
PU-740,0.0
PU-741,0.0
PU-742,0.0
PU-743,0.0
PU-744,0.0
PU-745,0.0
PU-746,0.0
PU-747,0.0
PU-748,0.0
PU-749,0.0
PU-750,0.0
PU-751,0.0
PU-752,0.0
PU-753,0.0
PU-754,0.0
PU-755,0.0
PU-756,0.0
PU-757,0.0
PU-758,0.0
PU-759,0.0
PU-760,0.0
PU-761,0.0
PU-762,0.0
PU-763,0.0
PU-764,0.0
PU-765,0.0
PU-766,0.0
PU-767,0.0
PU-768,0.0
PU-769,0.0
PU-770,0.0
PU-771,0.0
PU-772,0.0
PU-773,0.0
PU-774,0.0
PU-775,0.0
PU-776,0.0
PU-777,0.0
PU-778,0.0
PU-779,0.0
PU-780,0.0
PU-781,0.0
PU-782,0.0
PU-783,0.0
PU-784,0.0
PU-785,0.0
PU-786,0.0
PU-787,0.0
PU-788,0.0
PU-789,0.0
PU-790,0.0
PU-791,0.0
PU-792,0.0
PU-793,0.0
PU-794,0.0
PU-795,0.0
PU-796,0.0
PU-797,0.0
PU-798,0.0
PU-799,0.0
PU-800,0.0
PU-801,0.0
PU-802,0.0
PU-803,0.0
PU-804,0.0
PU-805,0.0
PU-806,0.0
PU-807,0.0
PU-808,0.0
PU-809,0.0
PU-810,0.0
PU-811,0.0
PU-812,0.0
PU-813,0.0
PU-814,0.0
PU-815,0.0
PU-816,0.0
PU-817,0.0
PU-818,0.0
PU-819,0.0
PU-820,0.0
PU-821,0.0
PU-822,0.0
PU-823,0.0
PU-824,0.0
PU-825,0.0
PU-826,0.0
PU-827,0.0
PU-828,0.0
PU-829,0.0
PU-830,0.0
PU-831,0.0
PU-832,0.0
PU-833,0.0
PU-834,0.0
PU-835,0.0
PU-836,0.0
PU-837,0.0
PU-838,0.0
PU-839,0.0
PU-840,0.0
PU-841,0.0
PU-842,0.0
PU-843,0.0
PU-844,0.0
PU-845,0.0
PU-846,0.0
PU-847,0.0
PU-848,0.0
PU-849,0.0
PU-850,0.0
PU-851,0.0
PU-852,0.0
PU-853,0.0
PU-854,0.0
PU-855,0.0
PU-856,0.0
PU-857,0.0
PU-858,0.0
PU-859,0.0
PU-860,0.0
PU-861,0.0
PU-862,0.0
PU-863,0.0
PU-864,0.0
PU-865,0.0
PU-866,0.0
PU-867,0.0
PU-868,0.0
PU-869,0.0
PU-870,0.0
PU-871,0.0
PU-872,0.0
PU-873,0.0
PU-874,0.0
PU-875,0.0
PU-876,0.0
PU-877,0.0
PU-878,0.0
PU-879,0.0
PU-880,0.0
PU-881,0.0
PU-882,0.0
PU-883,0.0
PU-884,0.0
PU-885,0.0
PU-886,0.0
PU-887,0.0
PU-888,0.0
PU-889,0.0
PU-890,0.0
PU-891,0.0
PU-892,0.0
PU-893,0.0
PU-894,0.0
PU-895,0.0
PU-896,0.0
PU-897,0.0
PU-898,0.0
PU-899,0.0
PU-900,0.0
PU-901,0.0
PU-902,0.0
PU-903,0.0
PU-904,0.0
PU-905,0.0
PU-906,0.0
PU-907,0.0
PU-908,0.0
PU-909,0.0
PU-910,0.0
PU-911,0.0
PU-912,0.0
PU-913,0.0
PU-914,0.0
PU-915,0.0
PU-916,0.0
PU-917,0.0
PU-918,0.0
PU-919,0.0
PU-920,0.0
PU-921,0.0
PU-922,0.0
PU-923,0.0
PU-924,0.0
PU-925,0.0
PU-926,0.0
PU-927,0.0
PU-928,0.0
PU-929,0.0
PU-930,0.0
PU-931,0.0
PU-932,0.0
PU-933,0.0
PU-934,0.0
PU-935,0.0
PU-936,0.0
PU-937,0.0
PU-938,0.0
PU-939,0.0
PU-940,0.0
PU-941,0.0
PU-942,0.0
PU-943,0.0
PU-944,0.0
PU-945,0.0
PU-946,0.0
PU-947,0.0
PU-948,0.0
PU-949,0.0
PU-950,0.0
PU-951,0.0
PU-952,0.0
PU-953,0.0
PU-954,0.0
PU-955,0.0
PU-956,0.0
PU-957,0.0
PU-958,0.0
PU-959,0.0
PU-960,0.0
PU-961,0.0
PU-962,0.0
PU-963,0.0
PU-964,0.0
PU-965,0.0
PU-966,0.0
PU-967,0.0
PU-968,0.0
PU-969,0.0
PU-970,0.0
PU-971,0.0
PU-972,0.0
PU-973,0.0
PU-974,0.0
PU-975,0.0
PU-976,0.0
PU-977,0.0
PU-978,0.0
PU-979,0.0
PU-980,0.0
PU-981,0.0
PU-982,0.0
PU-983,0.0
PU-984,0.0
PU-985,0.0
PU-986,0.0
PU-987,0.0
PU-988,0.0
PU-989,0.0
PU-990,0.0
PU-991,0.0
PU-992,0.0
PU-993,0.0
PU-994,0.0
PU-995,0.0
PU-996,0.0
PU-997,0.0
PU-998,0.0
PU-999,0.0
PU-1000,0.0
PU-1001,0.0
PU-1002,0.0
PU-1003,0.0
PU-1004,0.0
PU-1005,0.0
PU-1006,0.0
PU-1007,0.0
PU-1008,0.0
PU-1009,0.0
PU-1010,0.0
PU-1011,0.0
PU-1012,0.0
PU-1013,0.0
PU-1014,0.0
PU-1015,0.0
PU-1016,0.0
PU-1017,0.0
PU-1018,0.0
PU-1019,0.0
PU-1020,0.0
PU-1021,0.0
PU-1022,0.0
PU-1023,0.0
PU-1024,0.0
PU-1025,0.0
PU-1026,0.0
PU-1027,0.0
PU-1028,0.0
PU-1029,0.0
PU-1030,0.0
PU-1031,0.0
PU-1032,0.0
PU-1033,0.0
PU-1034,0.0
PU-1035,0.0
PU-1036,0.0
PU-1037,0.0
PU-1038,0.0
PU-1039,0.0
PU-1040,0.0
PU-1041,0.0
PU-1042,0.0
PU-1043,0.0
PU-1044,0.0
PU-1045,0.0
PU-1046,0.0
PU-1047,0.0
PU-1048,0.0
PU-1049,0.0
PU-1050,0.0
PU-1051,0.0
PU-1052,0.0
PU-1053,0.0
PU-1054,0.0
PU-1055,0.0
PU-1056,0.0
PU-1057,0.0
PU-1058,0.0
PU-1059,0.0
PU-1060,0.0
PU-1061,0.0
PU-1062,0.0
PU-1063,0.0
PU-1064,0.0
PU-1065,0.0
PU-1066,0.0
PU-1067,0.0
PU-1068,0.0
PU-1069,0.0
PU-1070,0.0
PU-1071,0.0
PU-1072,0.0
PU-1073,0.0
PU-1074,0.0
PU-1075,0.0
PU-1076,0.0
PU-1077,0.0
PU-1078,0.0
PU-1079,0.0
PU-1080,0.0
PU-1081,0.0
PU-1082,0.0
PU-1083,0.0
PU-1084,0.0
PU-1085,0.0
PU-1086,0.0
PU-1087,0.0
PU-1088,0.0
PU-1089,0.0
PU-1090,0.0
PU-1091,0.0
PU-1092,0.0
PU-1093,0.0
PU-1094,0.0
PU-1095,0.0
PU-1096,0.0
PU-1097,0.0
PU-1098,0.0
PU-1099,0.0
PU-1100,0.0
PU-1101,0.0
PU-1102,0.0
PU-1103,0.0
PU-1104,0.0
PU-1105,0.0
PU-1106,0.0
PU-1107,0.0
PU-1108,0.0
PU-1109,0.0
PU-1110,0.0
PU-1111,0.0
PU-1112,0.0
PU-1113,0.0
PU-1114,0.0
PU-1115,0.0
PU-1116,0.0
PU-1117,0.0
PU-1118,0.0
PU-1119,0.0
PU-1120,0.0
PU-1121,0.0
PU-1122,0.0
PU-1123,0.0
PU-1124,0.0
PU-1125,0.0
PU-1126,0.0
PU-1127,0.0
PU-1128,0.0
PU-1129,0.0
PU-1130,0.0
PU-1131,0.0
PU-1132,0.0
PU-1133,0.0
PU-1134,0.0
PU-1135,0.0
PU-1136,0.0
PU-1137,0.0
PU-1138,0.0
PU-1139,0.0
PU-1140,0.0
PU-1141,0.0
PU-1142,0.0
PU-1143,0.0
PU-1144,0.0
PU-1145,0.0
PU-1146,0.0
PU-1147,0.0
PU-1148,0.0
PU-1149,0.0
PU-1150,0.0
PU-1151,0.0
PU-1152,0.0
PU-1153,0.0
PU-1154,0.0
PU-1155,0.0
PU-1156,0.0
PU-1157,0.0
PU-1158,0.0
PU-1159,0.0
PU-1160,0.0
PU-1161,0.0
PU-1162,0.0
PU-1163,0.0
PU-1164,0.0
PU-1165,0.0
PU-1166,0.0
PU-1167,0.0
PU-1168,0.0
PU-1169,0.0
PU-1170,0.0
PU-1171,0.0
PU-1172,0.0
PU-1173,0.0
PU-1174,0.0
PU-1175,0.0
PU-1176,0.0
PU-1177,0.0
PU-1178,0.0
PU-1179,0.0
PU-1180,0.0
PU-1181,0.0
PU-1182,0.0
PU-1183,0.0
PU-1184,0.0
PU-1185,0.0
PU-1186,0.0
PU-1187,0.0
PU-1188,0.0
PU-1189,0.0
PU-1190,0.0
PU-1191,0.0
PU-1192,0.0
PU-1193,0.0
PU-1194,0.0
PU-1195,0.0
PU-1196,0.0
PU-1197,0.0
PU-1198,0.0
PU-1199,0.0
PU-1200,0.0
PU-1201,0.0
PU-1202,0.0
PU-1203,0.0
PU-1204,0.0
PU-1205,0.0
PU-1206,0.0
PU-1207,0.0
PU-1208,0.0
PU-1209,0.0
PU-1210,0.0
PU-1211,0.0
PU-1212,0.0
PU-1213,0.0
PU-1214,0.0
PU-1215,0.0
PU-1216,0.0
PU-1217,0.0
PU-1218,0.0
PU-1219,0.0
PU-1220,0.0
PU-1221,0.0
PU-1222,0.0
PU-1223,0.0
PU-1224,0.0
PU-1225,0.0
PU-1226,0.0
PU-1227,0.0
PU-1228,0.0
PU-1229,0.0
PU-1230,0.0
PU-1231,0.0
PU-1232,0.0
PU-1233,0.0
PU-1234,0.0
PU-1235,0.0
PU-1236,0.0
PU-1237,0.0
PU-1238,0.0
PU-1239,0.0
PU-1240,0.0
PU-1241,0.0
PU-1242,0.0
PU-1243,0.0
PU-1244,0.0
PU-1245,0.0
PU-1246,0.0
PU-1247,0.0
PU-1248,0.0
PU-1249,0.0
PU-1250,0.0
PU-1251,0.0
PU-1252,0.0
PU-1253,0.0
PU-1254,0.0
PU-1255,0.0
PU-1256,0.0
PU-1257,0.0
PU-1258,0.0
PU-1259,0.0
PU-1260,0.0
PU-1261,0.0
PU-1262,0.0
PU-1263,0.0
PU-1264,0.0
PU-1265,0.0
PU-1266,0.0
PU-1267,0.0
PU-1268,0.0
PU-1269,0.0
PU-1270,0.0
PU-1271,0.0
PU-1272,0.0
PU-1273,0.0
PU-1274,0.0
PU-1275,0.0
PU-1276,0.0
PU-1277,0.0
PU-1278,0.0
PU-1279,0.0
PU-1280,0.0
PU-1281,0.0
PU-1282,0.0
PU-1283,0.0
PU-1284,0.0
PU-1285,0.0
PU-1286,0.0
PU-1287,0.0
PU-1288,0.0
PU-1289,0.0
PU-1290,0.0
PU-1291,0.0
PU-1292,0.0
PU-1293,0.0
PU-1294,0.0
PU-1295,0.0
PU-1296,0.0
PU-1297,0.0
PU-1298,0.0
PU-1299,0.0
PU-1300,0.0
PU-1301,0.0
PU-1302,0.0
PU-1303,0.0
PU-1304,0.0
PU-1305,0.0
PU-1306,0.0
PU-1307,0.0
PU-1308,0.0
PU-1309,0.0
PU-1310,0.0
PU-1311,0.0
PU-1312,0.0
PU-1313,0.0
PU-1314,0.0
PU-1315,0.0
PU-1316,0.0
PU-1317,0.0
PU-1318,0.0
PU-1319,0.0
PU-1320,0.0
PU-1321,0.0
PU-1322,0.0
PU-1323,0.0
PU-1324,0.0
PU-1325,0.0
PU-1326,0.0
PU-1327,0.0
PU-1328,0.0
PU-1329,0.0
PU-1330,0.0
PU-1331,0.0
PU-1332,0.0
PU-1333,0.0
PU-1334,0.0
PU-1335,0.0
PU-1336,0.0
PU-1337,0.0
PU-1338,0.0
PU-1339,0.0
PU-1340,0.0
PU-1341,0.0
PU-1342,0.0
PU-1343,0.0
PU-1344,0.0
PU-1345,0.0
PU-1346,0.0
PU-1347,0.0
PU-1348,0.0
PU-1349,0.0
PU-1350,0.0
PU-1351,0.0
PU-1352,0.0
PU-1353,0.0
PU-1354,0.0
PU-1355,0.0
PU-1356,0.0
PU-1357,0.0
PU-1358,0.0
PU-1359,0.0
PU-1360,0.0
PU-1361,0.0
PU-1362,0.0
PU-1363,0.0
PU-1364,0.0
PU-1365,0.0
PU-1366,0.0
PU-1367,0.0
PU-1368,0.0
PU-1369,0.0
PU-1370,0.0
PU-1371,0.0
PU-1372,0.0
PU-1373,0.0
PU-1374,0.0
PU-1375,0.0
PU-1376,0.0
PU-1377,0.0
PU-1378,0.0
PU-1379,0.0
PU-1380,0.0
PU-1381,0.0
PU-1382,0.0
PU-1383,0.0
PU-1384,0.0
PU-1385,0.0
PU-1386,0.0
PU-1387,0.0
PU-1388,0.0
PU-1389,0.0
PU-1390,0.0
PU-1391,0.0
PU-1392,0.0
PU-1393,0.0
PU-1394,0.0
PU-1395,0.0
PU-1396,0.0
PU-1397,0.0
PU-1398,0.0
PU-1399,0.0
PU-1400,0.0
PU-1401,0.0
PU-1402,0.0
PU-1403,0.0
PU-1404,0.0
PU-1405,0.0
PU-1406,0.0
PU-1407,0.0
PU-1408,0.0
PU-1409,0.0
PU-1410,0.0
PU-1411,0.0
PU-1412,0.0
PU-1413,0.0
PU-1414,0.0
PU-1415,0.0
PU-1416,0.0
PU-1417,0.0
PU-1418,0.0
PU-1419,0.0
PU-1420,0.0
PU-1421,0.0
PU-1422,0.0
PU-1423,0.0
PU-1424,0.0
PU-1425,0.0
PU-1426,0.0
PU-1427,0.0
PU-1428,0.0
PU-1429,0.0
PU-1430,0.0
PU-1431,0.0
PU-1432,0.0
PU-1433,0.0
PU-1434,0.0
PU-1435,0.0
PU-1436,0.0
PU-1437,0.0
PU-1438,0.0
PU-1439,0.0
PU-1440,0.0
PU-1441,0.0
PU-1442,0.0
PU-1443,0.0
PU-1444,0.0
PU-1445,0.0
PU-1446,0.0
PU-1447,0.0
PU-1448,0.0
PU-1449,0.0
PU-1450,0.0
PU-1451,0.0
PU-1452,0.0
PU-1453,0.0
PU-1454,0.0
PU-1455,0.0
PU-1456,0.0
PU-1457,0.0
PU-1458,0.0
PU-1459,0.0
PU-1460,0.0
PU-1461,0.0
PU-1462,0.0
PU-1463,0.0
PU-1464,0.0
PU-1465,0.0
PU-1466,0.0
PU-1467,0.0
PU-1468,0.0
PU-1469,0.0
PU-1470,0.0
PU-1471,0.0
PU-1472,0.0
PU-1473,0.0
PU-1474,0.0
PU-1475,0.0
PU-1476,0.0
PU-1477,0.0
PU-1478,0.0
PU-1479,0.0
PU-1480,0.0
PU-1481,0.0
PU-1482,0.0
PU-1483,0.0
PU-1484,0.0
PU-1485,0.0
PU-1486,0.0
PU-1487,0.0
PU-1488,0.0
PU-1489,0.0
PU-1490,0.0
PU-1491,0.0
PU-1492,0.0
PU-1493,0.0
PU-1494,0.0
PU-1495,0.0
PU-1496,0.0
PU-1497,0.0
PU-1498,0.0
PU-1499,0.0
PU-1500,0.0
PU-1501,0.0
PU-1502,0.0
PU-1503,0.0
PU-1504,0.0
PU-1505,0.0
PU-1506,0.0
PU-1507,0.0
PU-1508,0.0
PU-1509,0.0
PU-1510,0.0
PU-1511,0.0
PU-1512,0.0
PU-1513,0.0
PU-1514,0.0
PU-1515,0.0
PU-1516,0.0
PU-1517,0.0
PU-1518,0.0
PU-1519,0.0
PU-1520,0.0
PU-1521,0.0
PU-1522,0.0
PU-1523,0.0
PU-1524,0.0
PU-1525,0.0
PU-1526,0.0
PU-1527,0.0
PU-1528,0.0
PU-1529,0.0
PU-1530,0.0
PU-1531,0.0
PU-1532,0.0
PU-1533,0.0
PU-1534,0.0
PU-1535,0.0
PU-1536,0.0
PU-1537,0.0
PU-1538,0.0
PU-1539,0.0
PU-1540,0.0
PU-1541,0.0
PU-1542,0.0
PU-1543,0.0
PU-1544,0.0
PU-1545,0.0
PU-1546,0.0
PU-1547,0.0
PU-1548,0.0
PU-1549,0.0
PU-1550,0.0
PU-1551,0.0
PU-1552,0.0
PU-1553,0.0
PU-1554,0.0
PU-1555,0.0
PU-1556,0.0
PU-1557,0.0
PU-1558,0.0
PU-1559,0.0
PU-1560,0.0
PU-1561,0.0
PU-1562,0.0
PU-1563,0.0
PU-1564,0.0
PU-1565,0.0
PU-1566,0.0
PU-1567,0.0
PU-1568,0.0
PU-1569,0.0
PU-1570,0.0
PU-1571,0.0
PU-1572,0.0
PU-1573,0.0
PU-1574,0.0
PU-1575,0.0
PU-1576,0.0
PU-1577,0.0
PU-1578,0.0
PU-1579,0.0
PU-1580,0.0
PU-1581,0.0
PU-1582,0.0
PU-1583,0.0
PU-1584,0.0
PU-1585,0.0
PU-1586,0.0
PU-1587,0.0
PU-1588,0.0
PU-1589,0.0
PU-1590,0.0
PU-1591,0.0
PU-1592,0.0
PU-1593,0.0
PU-1594,0.0
PU-1595,0.0
PU-1596,0.0
PU-1597,0.0
PU-1598,0.0
PU-1599,0.0
PU-1600,0.0
PU-1601,0.0
PU-1602,0.0
PU-1603,0.0
PU-1604,0.0
PU-1605,0.0
PU-1606,0.0
PU-1607,0.0
PU-1608,0.0
PU-1609,0.0
PU-1610,0.0
PU-1611,0.0
PU-1612,0.0
PU-1613,0.0
PU-1614,0.0
PU-1615,0.0
PU-1616,0.0
PU-1617,0.0
PU-1618,0.0
PU-1619,0.0
PU-1620,0.0
PU-1621,0.0
PU-1622,0.0
PU-1623,0.0
PU-1624,0.0
PU-1625,0.0
PU-1626,0.0
PU-1627,0.0
PU-1628,0.0
PU-1629,0.0
PU-1630,0.0
PU-1631,0.0
PU-1632,0.0
PU-1633,0.0
PU-1634,0.0
PU-1635,0.0
PU-1636,0.0
PU-1637,0.0
PU-1638,0.0
PU-1639,0.0
PU-1640,0.0
PU-1641,0.0
PU-1642,0.0
PU-1643,0.0
PU-1644,0.0
PU-1645,0.0
PU-1646,0.0
PU-1647,0.0
PU-1648,0.0
PU-1649,0.0
PU-1650,0.0
PU-1651,0.0
PU-1652,0.0
PU-1653,0.0
PU-1654,0.0
PU-1655,0.0
PU-1656,0.0
PU-1657,0.0
PU-1658,0.0
PU-1659,0.0
PU-1660,0.0
PU-1661,0.0
PU-1662,0.0
PU-1663,0.0
PU-1664,0.0
PU-1665,0.0
PU-1666,0.0
PU-1667,0.0
PU-1668,0.0
PU-1669,0.0
PU-1670,0.0
PU-1671,0.0
PU-1672,0.0
PU-1673,0.0
PU-1674,0.0
PU-1675,0.0
PU-1676,0.0
PU-1677,0.0
PU-1678,0.0
PU-1679,0.0
PU-1680,0.0
PU-1681,0.0
PU-1682,0.0
PU-1683,0.0
PU-1684,0.0
PU-1685,0.0
PU-1686,0.0
PU-1687,0.0
PU-1688,0.0
PU-1689,0.0
PU-1690,0.0
PU-1691,0.0
PU-1692,0.0
PU-1693,0.0
PU-1694,0.0
PU-1695,0.0
PU-1696,0.0
PU-1697,0.0
PU-1698,0.0
PU-1699,0.0
PU-1700,0.0
PU-1701,0.0
PU-1702,0.0
PU-1703,0.0
PU-1704,0.0
PU-1705,0.0
PU-1706,0.0
PU-1707,0.0
PU-1708,0.0
PU-1709,0.0
PU-1710,0.0
PU-1711,0.0
PU-1712,0.0
PU-1713,0.0
PU-1714,0.0
PU-1715,0.0
PU-1716,0.0
PU-1717,0.0
PU-1718,0.0
PU-1719,0.0
PU-1720,0.0
PU-1721,0.0
PU-1722,0.0
PU-1723,0.0
PU-1724,0.0
PU-1725,0.0
PU-1726,0.0
PU-1727,0.0
PU-1728,0.0
PU-1729,0.0
PU-1730,0.0
PU-1731,0.0
PU-1732,0.0
PU-1733,0.0
PU-1734,0.0
PU-1735,0.0
PU-1736,0.0
PU-1737,0.0
PU-1738,0.0
PU-1739,0.0
PU-1740,0.0
PU-1741,0.0
PU-1742,0.0
PU-1743,0.0
PU-1744,0.0
PU-1745,0.0
PU-1746,0.0
PU-1747,0.0
PU-1748,0.0
PU-1749,0.0
PU-1750,0.0
PU-1751,0.0
PU-1752,0.0
PU-1753,0.0
PU-1754,0.0
PU-1755,0.0
PU-1756,0.0
PU-1757,0.0
PU-1758,0.0
PU-1759,0.0
PU-1760,0.0
PU-1761,0.0
PU-1762,0.0
PU-1763,0.0
PU-1764,0.0
PU-1765,0.0
PU-1766,0.0
PU-1767,0.0
PU-1768,0.0
PU-1769,0.0
PU-1770,0.0
PU-1771,0.0
PU-1772,0.0
PU-1773,0.0
PU-1774,0.0
PU-1775,0.0
PU-1776,0.0
PU-1777,0.0
PU-1778,0.0
PU-1779,0.0
PU-1780,0.0
PU-1781,0.0
PU-1782,0.0
PU-1783,0.0
PU-1784,0.0
PU-1785,0.0
PU-1786,0.0
PU-1787,0.0
PU-1788,0.0
PU-1789,0.0
PU-1790,0.0
PU-1791,0.0
PU-1792,0.0
PU-1793,0.0
PU-1794,0.0
PU-1795,0.0
PU-1796,0.0
PU-1797,0.0
PU-1798,0.0
PU-1799,0.0
PU-1800,0.0
PU-1801,0.0
PU-1802,0.0
PU-1803,0.0
PU-1804,0.0
PU-1805,0.0
PU-1806,0.0
PU-1807,0.0
PU-1808,0.0
PU-1809,0.0
PU-1810,0.0
PU-1811,0.0
PU-1812,0.0
PU-1813,0.0
PU-1814,0.0
PU-1815,0.0
PU-1816,0.0
PU-1817,0.0
PU-1818,0.0
PU-1819,0.0
PU-1820,0.0
PU-1821,0.0
PU-1822,0.0
PU-1823,0.0
PU-1824,0.0
PU-1825,0.0
PU-1826,0.0
PU-1827,0.0
PU-1828,0.0
PU-1829,0.0
PU-1830,0.0
PU-1831,0.0
PU-1832,0.0
PU-1833,0.0
PU-1834,0.0
PU-1835,0.0
PU-1836,0.0
PU-1837,0.0
PU-1838,0.0
PU-1839,0.0
PU-1840,0.0
PU-1841,0.0
PU-1842,0.0
PU-1843,0.0
PU-1844,0.0
PU-1845,0.0
PU-1846,0.0
PU-1847,0.0
PU-1848,0.0
PU-1849,0.0
PU-1850,0.0
PU-1851,0.0
PU-1852,0.0
PU-1853,0.0
PU-1854,0.0
PU-1855,0.0
PU-1856,0.0
PU-1857,0.0
PU-1858,0.0
PU-1859,0.0
PU-1860,0.0
PU-1861,0.0
PU-1862,0.0
PU-1863,0.0
PU-1864,0.0
PU-1865,0.0
PU-1866,0.0
PU-1867,0.0
PU-1868,0.0
PU-1869,0.0
PU-1870,0.0
PU-1871,0.0
PU-1872,0.0
PU-1873,0.0
PU-1874,0.0
PU-1875,0.0
PU-1876,0.0
PU-1877,0.0
PU-1878,0.0
PU-1879,0.0
PU-1880,0.0
PU-1881,0.0
PU-1882,0.0
PU-1883,0.0
PU-1884,0.0
PU-1885,0.0
PU-1886,0.0
PU-1887,0.0
PU-1888,0.0
PU-1889,0.0
PU-1890,0.0
PU-1891,0.0
PU-1892,0.0
PU-1893,0.0
PU-1894,0.0
PU-1895,0.0
PU-1896,0.0
PU-1897,0.0
PU-1898,0.0
PU-1899,0.0
PU-1900,0.0
PU-1901,0.0
PU-1902,0.0
PU-1903,0.0
PU-1904,0.0
PU-1905,0.0
PU-1906,0.0
PU-1907,0.0
PU-1908,0.0
PU-1909,0.0
PU-1910,0.0
PU-1911,0.0
PU-1912,0.0
PU-1913,0.0
PU-1914,0.0
PU-1915,0.0
PU-1916,0.0
PU-1917,0.0
PU-1918,0.0
PU-1919,0.0
PU-1920,0.0
PU-1921,0.0
PU-1922,0.0
PU-1923,0.0
PU-1924,0.0
PU-1925,0.0
PU-1926,0.0
PU-1927,0.0
PU-1928,0.0
PU-1929,0.0
PU-1930,0.0
PU-1931,0.0
PU-1932,0.0
PU-1933,0.0
PU-1934,0.0
PU-1935,0.0
PU-1936,0.0
PU-1937,0.0
PU-1938,0.0
PU-1939,0.0
PU-1940,0.0
PU-1941,0.0
PU-1942,0.0
PU-1943,0.0
PU-1944,0.0
PU-1945,0.0
PU-1946,0.0
PU-1947,0.0
PU-1948,0.0
PU-1949,0.0
PU-1950,0.0
PU-1951,0.0
PU-1952,0.0
PU-1953,0.0
PU-1954,0.0
PU-1955,0.0
PU-1956,0.0
PU-1957,0.0
PU-1958,0.0
PU-1959,0.0
PU-1960,0.0
PU-1961,0.0
PU-1962,0.0
PU-1963,0.0
PU-1964,0.0
PU-1965,0.0
PU-1966,0.0
PU-1967,0.0
PU-1968,0.0
PU-1969,0.0
PU-1970,0.0
PU-1971,0.0
PU-1972,0.0
PU-1973,0.0
PU-1974,0.0
PU-1975,0.0
PU-1976,0.0
PU-1977,0.0
PU-1978,0.0
PU-1979,0.0
PU-1980,0.0
PU-1981,0.0
PU-1982,0.0
PU-1983,0.0
PU-1984,0.0
PU-1985,0.0
PU-1986,0.0
PU-1987,0.0
PU-1988,0.0
PU-1989,0.0
PU-1990,0.0
PU-1991,0.0
PU-1992,0.0
PU-1993,0.0
PU-1994,0.0
PU-1995,0.0
PU-1996,0.0
PU-1997,0.0
PU-1998,0.0
PU-1999,0.0
PU-2000,0.0
PU-2001,0.0
PU-2002,0.0
PU-2003,0.0
PU-2004,0.0
PU-2005,0.0
PU-2006,0.0
PU-2007,0.0
PU-2008,0.0
PU-2009,0.0
PU-2010,0.0
PU-2011,0.0
PU-2012,0.0
PU-2013,0.0
PU-2014,0.0
PU-2015,0.0
PU-2016,0.0
PU-2017,0.0
PU-2018,0.0
PU-2019,0.0
PU-2020,0.0
PU-2021,0.0
PU-2022,0.0
PU-2023,0.0
PU-2024,0.0
PU-2025,0.0
PU-2026,0.0
PU-2027,0.0
PU-2028,0.0
PU-2029,0.0
PU-2030,0.0
PU-2031,0.0
PU-2032,0.0
PU-2033,0.0
PU-2034,0.0
PU-2035,0.0
PU-2036,0.0
PU-2037,0.0
PU-2038,0.0
PU-2039,0.0
PU-2040,0.0
PU-2041,0.0
PU-2042,0.0
PU-2043,0.0
PU-2044,0.0
PU-2045,0.0
PU-2046,0.0
PU-2047,0.0
PU-2048,0.0
PU-2049,0.0
PU-2050,0.0
PU-2051,0.0
PU-2052,0.0
PU-2053,0.0
PU-2054,0.0
PU-2055,0.0
PU-2056,0.0
PU-2057,0.0
PU-2058,0.0
PU-2059,0.0
PU-2060,0.0
PU-2061,0.0
PU-2062,0.0
PU-2063,0.0
PU-2064,0.0
PU-2065,0.0
PU-2066,0.0
PU-2067,0.0
PU-2068,0.0
PU-2069,0.0
PU-2070,0.0
PU-2071,0.0
PU-2072,0.0
PU-2073,0.0
PU-2074,0.0
PU-2075,0.0
PU-2076,0.0
PU-2077,0.0
PU-2078,0.0
PU-2079,0.0
PU-2080,0.0
PU-2081,0.0
PU-2082,0.0
PU-2083,0.0
PU-2084,0.0
PU-2085,0.0
PU-2086,0.0
PU-2087,0.0
PU-2088,0.0
PU-2089,0.0
PU-2090,0.0
PU-2091,0.0
PU-2092,0.0
PU-2093,0.0
PU-2094,0.0
PU-2095,0.0
PU-2096,0.0
PU-2097,0.0
PU-2098,0.0
PU-2099,0.0
PU-2100,0.0
PU-2101,0.0
PU-2102,0.0
PU-2103,0.0
PU-2104,0.0
PU-2105,0.0
PU-2106,0.0
PU-2107,0.0
PU-2108,0.0
PU-2109,0.0
PU-2110,0.0
PU-2111,0.0
PU-2112,0.0
PU-2113,0.0
PU-2114,0.0
PU-2115,0.0
PU-2116,0.0
PU-2117,0.0
PU-2118,0.0
PU-2119,0.0
PU-2120,0.0
PU-2121,0.0
PU-2122,0.0
PU-2123,0.0
PU-2124,0.0
PU-2125,0.0
PU-2126,0.0
PU-2127,0.0
PU-2128,0.0
PU-2129,0.0
PU-2130,0.0
PU-2131,0.0
PU-2132,0.0
PU-2133,0.0
PU-2134,0.0
PU-2135,0.0
PU-2136,0.0
PU-2137,0.0
PU-2138,0.0
PU-2139,0.0
PU-2140,0.0
PU-2141,0.0
PU-2142,0.0
PU-2143,0.0
PU-2144,0.0
PU-2145,0.0
PU-2146,0.0
PU-2147,0.0
PU-2148,0.0
PU-2149,0.0
PU-2150,0.0
PU-2151,0.0
PU-2152,0.0
PU-2153,0.0
PU-2154,0.0
PU-2155,0.0
PU-2156,0.0
PU-2157,0.0
PU-2158,0.0
PU-2159,0.0
PU-2160,0.0
PU-2161,0.0
PU-2162,0.0
PU-2163,0.0
PU-2164,0.0
PU-2165,0.0
PU-2166,0.0
PU-2167,0.0
PU-2168,0.0
PU-2169,0.0
PU-2170,0.0
PU-2171,0.0
PU-2172,0.0
PU-2173,0.0
PU-2174,0.0
PU-2175,0.0
PU-2176,0.0
PU-2177,0.0
PU-2178,0.0
PU-2179,0.0
PU-2180,0.0
PU-2181,0.0
PU-2182,0.0
PU-2183,0.0
PU-2184,0.0
PU-2185,0.0
PU-2186,0.0
PU-2187,0.0
PU-2188,0.0
PU-2189,0.0
PU-2190,0.0
PU-2191,0.0
PU-2192,0.0
PU-2193,0.0
PU-2194,0.0
PU-2195,0.0
PU-2196,0.0
PU-2197,0.0
PU-2198,0.0
PU-2199,0.0
PU-2200,0.0
PU-2201,0.0
PU-2202,0.0
PU-2203,0.0
PU-2204,0.0
PU-2205,0.0
PU-2206,0.0
PU-2207,0.0
PU-2208,0.0
PU-2209,0.0
PU-2210,0.0
PU-2211,0.0
PU-2212,0.0
PU-2213,0.0
PU-2214,0.0
PU-2215,0.0
PU-2216,0.0
PU-2217,0.0
PU-2218,0.0
PU-2219,0.0
PU-2220,0.0
PU-2221,0.0
PU-2222,0.0
PU-2223,0.0
PU-2224,0.0
PU-2225,0.0
PU-2226,0.0
PU-2227,0.0
PU-2228,0.0
PU-2229,0.0
PU-2230,0.0
PU-2231,0.0
PU-2232,0.0
PU-2233,0.0
PU-2234,0.0
PU-2235,0.0
PU-2236,0.0
PU-2237,0.0
PU-2238,0.0
PU-2239,0.0
PU-2240,0.0
PU-2241,0.0
PU-2242,0.0
PU-2243,0.0
PU-2244,0.0
PU-2245,0.0
PU-2246,0.0
PU-2247,0.0
PU-2248,0.0
PU-2249,0.0
PU-2250,0.0
PU-2251,0.0
PU-2252,0.0
PU-2253,0.0
PU-2254,0.0
PU-2255,0.0
PU-2256,0.0
PU-2257,0.0
PU-2258,0.0
PU-2259,0.0
PU-2260,0.0
PU-2261,0.0
PU-2262,0.0
PU-2263,0.0
PU-2264,0.0
PU-2265,0.0
PU-2266,0.0
PU-2267,0.0
PU-2268,0.0
PU-2269,0.0
PU-2270,0.0
PU-2271,0.0
PU-2272,0.0
PU-2273,0.0
PU-2274,0.0
PU-2275,0.0
PU-2276,0.0
PU-2277,0.0
PU-2278,0.0
PU-2279,0.0
PU-2280,0.0
PU-2281,0.0
PU-2282,0.0
PU-2283,0.0
PU-2284,0.0
PU-2285,0.0
PU-2286,0.0
PU-2287,0.0
PU-2288,0.0
PU-2289,0.0
PU-2290,0.0
PU-2291,0.0
PU-2292,0.0
PU-2293,0.0
PU-2294,0.0
PU-2295,0.0
PU-2296,0.0
PU-2297,0.0
PU-2298,0.0
PU-2299,0.0
PU-2300,0.0
PU-2301,0.0
PU-2302,0.0
PU-2303,0.0
PU-2304,0.0
PU-2305,0.0
PU-2306,0.0
PU-2307,0.0
PU-2308,0.0
PU-2309,0.0
PU-2310,0.0
PU-2311,0.0
PU-2312,0.0
PU-2313,0.0
PU-2314,0.0
PU-2315,0.0
PU-2316,0.0
PU-2317,0.0
PU-2318,0.0
PU-2319,0.0
PU-2320,0.0
PU-2321,0.0
PU-2322,0.0
PU-2323,0.0
PU-2324,0.0
PU-2325,0.0
PU-2326,0.0
PU-2327,0.0
PU-2328,0.0
PU-2329,0.0
PU-2330,0.0
PU-2331,0.0
PU-2332,0.0
PU-2333,0.0
PU-2334,0.0
PU-2335,0.0
PU-2336,0.0
PU-2337,0.0
PU-2338,0.0
PU-2339,0.0
PU-2340,0.0
PU-2341,0.0
PU-2342,0.0
PU-2343,0.0
PU-2344,0.0
PU-2345,0.0
PU-2346,0.0
PU-2347,0.0
PU-2348,0.0
PU-2349,0.0
PU-2350,0.0
PU-2351,0.0
PU-2352,0.0
PU-2353,0.0
PU-2354,0.0
PU-2355,0.0
PU-2356,0.0
PU-2357,0.0
PU-2358,0.0
PU-2359,0.0
PU-2360,0.0
PU-2361,0.0
PU-2362,0.0
PU-2363,0.0
PU-2364,0.0
PU-2365,0.0
PU-2366,0.0
PU-2367,0.0
PU-2368,0.0
PU-2369,0.0
PU-2370,0.0
PU-2371,0.0
PU-2372,0.0
PU-2373,0.0
PU-2374,0.0
PU-2375,0.0
PU-2376,0.0
PU-2377,0.0
PU-2378,0.0
PU-2379,0.0
PU-2380,0.0
PU-2381,0.0
PU-2382,0.0
PU-2383,0.0
PU-2384,0.0
PU-2385,0.0
PU-2386,0.0
PU-2387,0.0
PU-2388,0.0
PU-2389,0.0
PU-2390,0.0
PU-2391,0.0
PU-2392,0.0
PU-2393,0.0
PU-2394,0.0
PU-2395,0.0
PU-2396,0.0
PU-2397,0.0
PU-2398,0.0
PU-2399,0.0
PU-2400,0.0
PU-2401,0.0
PU-2402,0.0
PU-2403,0.0
PU-2404,0.0
PU-2405,0.0
PU-2406,0.0
PU-2407,0.0
PU-2408,0.0
PU-2409,0.0
PU-2410,0.0
PU-2411,0.0
PU-2412,0.0
PU-2413,0.0
PU-2414,0.0
PU-2415,0.0
PU-2416,0.0
PU-2417,0.0
PU-2418,0.0
PU-2419,0.0
PU-2420,0.0
PU-2421,0.0
PU-2422,0.0
PU-2423,0.0
PU-2424,0.0
PU-2425,0.0
PU-2426,0.0
PU-2427,0.0
PU-2428,0.0
PU-2429,0.0
PU-2430,0.0
PU-2431,0.0
PU-2432,0.0
PU-2433,0.0
PU-2434,0.0
PU-2435,0.0
PU-2436,0.0
PU-2437,0.0
PU-2438,0.0
PU-2439,0.0
PU-2440,0.0
PU-2441,0.0
PU-2442,0.0
PU-2443,0.0
PU-2444,0.0
PU-2445,0.0
PU-2446,0.0
PU-2447,0.0
PU-2448,0.0
PU-2449,0.0
PU-2450,0.0
PU-2451,0.0
PU-2452,0.0
PU-2453,0.0
PU-2454,0.0
PU-2455,0.0
PU-2456,0.0
PU-2457,0.0
PU-2458,0.0
PU-2459,0.0
PU-2460,0.0
PU-2461,0.0
PU-2462,0.0
PU-2463,0.0
PU-2464,0.0
PU-2465,0.0
PU-2466,0.0
PU-2467,0.0
PU-2468,0.0
PU-2469,0.0
PU-2470,0.0
PU-2471,0.0
PU-2472,0.0
PU-2473,0.0
PU-2474,0.0
PU-2475,0.0
PU-2476,0.0
PU-2477,0.0
PU-2478,0.0
PU-2479,0.0
PU-2480,0.0
PU-2481,0.0
PU-2482,0.0
PU-2483,0.0
PU-2484,0.0
PU-2485,0.0
PU-2486,0.0
PU-2487,0.0
PU-2488,0.0
PU-2489,0.0
PU-2490,0.0
PU-2491,0.0
PU-2492,0.0
PU-2493,0.0
PU-2494,0.0
PU-2495,0.0
PU-2496,0.0
PU-2497,0.0
PU-2498,0.0
PU-2499,0.0
PU-2500,0.0
PU-2501,0.0
PU-2502,0.0
PU-2503,0.0
PU-2504,0.0
PU-2505,0.0
PU-2506,0.0
PU-2507,0.0
PU-2508,0.0
PU-2509,0.0
PU-2510,0.0
PU-2511,0.0
PU-2512,0.0
PU-2513,0.0
PU-2514,0.0
PU-2515,0.0
PU-2516,0.0
PU-2517,0.0
PU-2518,0.0
PU-2519,0.0
PU-2520,0.0
PU-2521,0.0
PU-2522,0.0
PU-2523,0.0
PU-2524,0.0
PU-2525,0.0
PU-2526,0.0
PU-2527,0.0
PU-2528,0.0
PU-2529,0.0
PU-2530,0.0
PU-2531,0.0
PU-2532,0.0
PU-2533,0.0
PU-2534,0.0
PU-2535,0.0
PU-2536,0.0
PU-2537,0.0
PU-2538,0.0
PU-2539,0.0
PU-2540,0.0
PU-2541,0.0
PU-2542,0.0
PU-2543,0.0
PU-2544,0.0
PU-2545,0.0
PU-2546,0.0
PU-2547,0.0
PU-2548,0.0
PU-2549,0.0
PU-2550,0.0
PU-2551,0.0
PU-2552,0.0
PU-2553,0.0
PU-2554,0.0
PU-2555,0.0
PU-2556,0.0
PU-2557,0.0
PU-2558,0.0
PU-2559,0.0
PU-2560,0.0
PU-2561,0.0
PU-2562,0.0
PU-2563,0.0
PU-2564,0.0
PU-2565,0.0
PU-2566,0.0
PU-2567,0.0
PU-2568,0.0
PU-2569,0.0
PU-2570,0.0
PU-2571,0.0
PU-2572,0.0
PU-2573,0.0
PU-2574,0.0
PU-2575,0.0
PU-2576,0.0
PU-2577,0.0
PU-2578,0.0
PU-2579,0.0
PU-2580,0.0
PU-2581,0.0
PU-2582,0.0
PU-2583,0.0
PU-2584,0.0
PU-2585,0.0
PU-2586,0.0
PU-2587,0.0
PU-2588,0.0
PU-2589,0.0
PU-2590,0.0
PU-2591,0.0
PU-2592,0.0
PU-2593,0.0
PU-2594,0.0
PU-2595,0.0
PU-2596,0.0
PU-2597,0.0
PU-2598,0.0
PU-2599,0.0
PU-2600,0.0
PU-2601,0.0
PU-2602,0.0
PU-2603,0.0
PU-2604,0.0
PU-2605,0.0
PU-2606,0.0
PU-2607,0.0
PU-2608,0.0
PU-2609,0.0
PU-2610,0.0
PU-2611,0.0
PU-2612,0.0
PU-2613,0.0
PU-2614,0.0
PU-2615,0.0
PU-2616,0.0
PU-2617,0.0
PU-2618,0.0
PU-2619,0.0
PU-2620,0.0
PU-2621,0.0
PU-2622,0.0
PU-2623,0.0
PU-2624,0.0
PU-2625,0.0
PU-2626,0.0
PU-2627,0.0
PU-2628,0.0
PU-2629,0.0
PU-2630,0.0
PU-2631,0.0
PU-2632,0.0
PU-2633,0.0
PU-2634,0.0
PU-2635,0.0
PU-2636,0.0
PU-2637,0.0
PU-2638,0.0
PU-2639,0.0
PU-2640,0.0
PU-2641,0.0
PU-2642,0.0
PU-2643,0.0
PU-2644,0.0
PU-2645,0.0
PU-2646,0.0
PU-2647,0.0
PU-2648,0.0
PU-2649,0.0
PU-2650,0.0
PU-2651,0.0
PU-2652,0.0
PU-2653,0.0
PU-2654,0.0
PU-2655,0.0
PU-2656,0.0
PU-2657,0.0
PU-2658,0.0
PU-2659,0.0
PU-2660,0.0
PU-2661,0.0
PU-2662,0.0
PU-2663,0.0
PU-2664,0.0
PU-2665,0.0
PU-2666,0.0
PU-2667,0.0
PU-2668,0.0
PU-2669,0.0
PU-2670,0.0
PU-2671,0.0
PU-2672,0.0
PU-2673,0.0
PU-2674,0.0
PU-2675,0.0
PU-2676,0.0
PU-2677,0.0
PU-2678,0.0
PU-2679,0.0
PU-2680,0.0
PU-2681,0.0
PU-2682,0.0
PU-2683,0.0
PU-2684,0.0
PU-2685,0.0
PU-2686,0.0
PU-2687,0.0
PU-2688,0.0
PU-2689,0.0
PU-2690,0.0
PU-2691,0.0
PU-2692,0.0
PU-2693,0.0
PU-2694,0.0
PU-2695,0.0
PU-2696,0.0
PU-2697,0.0
PU-2698,0.0
PU-2699,0.0
PU-2700,0.0
PU-2701,0.0
PU-2702,0.0
PU-2703,0.0
PU-2704,0.0
PU-2705,0.0
PU-2706,0.0
PU-2707,0.0
PU-2708,0.0
PU-2709,0.0
PU-2710,0.0
PU-2711,0.0
PU-2712,0.0
PU-2713,0.0
PU-2714,0.0
PU-2715,0.0
PU-2716,0.0
PU-2717,0.0
PU-2718,0.0
PU-2719,0.0
PU-2720,0.0
PU-2721,0.0
PU-2722,0.0
PU-2723,0.0
PU-2724,0.0
PU-2725,0.0
PU-2726,0.0
PU-2727,0.0
PU-2728,0.0
PU-2729,0.0
PU-2730,0.0
PU-2731,0.0
PU-2732,0.0
PU-2733,0.0
PU-2734,0.0
PU-2735,0.0
PU-2736,0.0
PU-2737,0.0
PU-2738,0.0
PU-2739,0.0
PU-2740,0.0
PU-2741,0.0
PU-2742,0.0
PU-2743,0.0
PU-2744,0.0
PU-2745,0.0
PU-2746,0.0
PU-2747,0.0
PU-2748,0.0
PU-2749,0.0
PU-2750,0.0
PU-2751,0.0
PU-2752,0.0
PU-2753,0.0
PU-2754,0.0
PU-2755,0.0
PU-2756,0.0
PU-2757,0.0
PU-2758,0.0
PU-2759,0.0
PU-2760,0.0
PU-2761,0.0
PU-2762,0.0
PU-2763,0.0
PU-2764,0.0
PU-2765,0.0
PU-2766,0.0
PU-2767,0.0
PU-2768,0.0
PU-2769,0.0
PU-2770,0.0
PU-2771,0.0
PU-2772,0.0
PU-2773,0.0
PU-2774,0.0
PU-2775,0.0
PU-2776,0.0
PU-2777,0.0
PU-2778,0.0
PU-2779,0.0
PU-2780,0.0
PU-2781,0.0
PU-2782,0.0
PU-2783,0.0
PU-2784,0.0
PU-2785,0.0
PU-2786,0.0
PU-2787,0.0
PU-2788,0.0
PU-2789,0.0
PU-2790,0.0
PU-2791,0.0
PU-2792,0.0
PU-2793,0.0
PU-2794,0.0
PU-2795,0.0
PU-2796,0.0
PU-2797,0.0
PU-2798,0.0
PU-2799,0.0
PU-2800,0.0
PU-2801,0.0
PU-2802,0.0
PU-2803,0.0
PU-2804,0.0
PU-2805,0.0
PU-2806,0.0
PU-2807,0.0
PU-2808,0.0
PU-2809,0.0
PU-2810,0.0
PU-2811,0.0
PU-2812,0.0
PU-2813,0.0
PU-2814,0.0
PU-2815,0.0
PU-2816,0.0
PU-2817,0.0
PU-2818,0.0
PU-2819,0.0
PU-2820,0.0
PU-2821,0.0
PU-2822,0.0
PU-2823,0.0
PU-2824,0.0
PU-2825,0.0
PU-2826,0.0
PU-2827,0.0
PU-2828,0.0
PU-2829,0.0
PU-2830,0.0
PU-2831,0.0
PU-2832,0.0
PU-2833,0.0
PU-2834,0.0
PU-2835,0.0
PU-2836,0.0
PU-2837,0.0
PU-2838,0.0
PU-2839,0.0
PU-2840,0.0
PU-2841,0.0
PU-2842,0.0
PU-2843,0.0
PU-2844,0.0
PU-2845,0.0
PU-2846,0.0
PU-2847,0.0
PU-2848,0.0
PU-2849,0.0
PU-2850,0.0
PU-2851,0.0
PU-2852,0.0
PU-2853,0.0
PU-2854,0.0
PU-2855,0.0
PU-2856,0.0
PU-2857,0.0
PU-2858,0.0
PU-2859,0.0
PU-2860,0.0
PU-2861,0.0
PU-2862,0.0
PU-2863,0.0
PU-2864,0.0
PU-2865,0.0
PU-2866,0.0
PU-2867,0.0
PU-2868,0.0
PU-2869,0.0
PU-2870,0.0
PU-2871,0.0
PU-2872,0.0
PU-2873,0.0
PU-2874,0.0
PU-2875,0.0
PU-2876,0.0
PU-2877,0.0
PU-2878,0.0
PU-2879,0.0
PU-2880,0.0
PU-2881,0.0
PU-2882,0.0
PU-2883,0.0
PU-2884,0.0
PU-2885,0.0
PU-2886,0.0
PU-2887,0.0
PU-2888,0.0
PU-2889,0.0
PU-2890,0.0
PU-2891,0.0
PU-2892,0.0
PU-2893,0.0
PU-2894,0.0
PU-2895,0.0
PU-2896,0.0
PU-2897,0.0
PU-2898,0.0
PU-2899,0.0
PU-2900,0.0
PU-2901,0.0
PU-2902,0.0
PU-2903,0.0
PU-2904,0.0
PU-2905,0.0
PU-2906,0.0
PU-2907,0.0
PU-2908,0.0
PU-2909,0.0
PU-2910,0.0
PU-2911,0.0
PU-2912,0.0
PU-2913,0.0
PU-2914,0.0
PU-2915,0.0
PU-2916,0.0
PU-2917,0.0
PU-2918,0.0
PU-2919,0.0
PU-2920,0.0
PU-2921,0.0
PU-2922,0.0
PU-2923,0.0
PU-2924,0.0
PU-2925,0.0
PU-2926,0.0
PU-2927,0.0
PU-2928,0.0
PU-2929,0.0
PU-2930,0.0
PU-2931,0.0
PU-2932,0.0
PU-2933,0.0
PU-2934,0.0
PU-2935,0.0
PU-2936,0.0
PU-2937,0.0
PU-2938,0.0
PU-2939,0.0
PU-2940,0.0
PU-2941,0.0
PU-2942,0.0
PU-2943,0.0
PU-2944,0.0
PU-2945,0.0
PU-2946,0.0
PU-2947,0.0
PU-2948,0.0
PU-2949,0.0
PU-2950,0.0
PU-2951,0.0
PU-2952,0.0
PU-2953,0.0
PU-2954,0.0
PU-2955,0.0
PU-2956,0.0
PU-2957,0.0
PU-2958,0.0
PU-2959,0.0
PU-2960,0.0
PU-2961,0.0
PU-2962,0.0
PU-2963,0.0
PU-2964,0.0
PU-2965,0.0
PU-2966,0.0
PU-2967,0.0
PU-2968,0.0
PU-2969,0.0
PU-2970,0.0
PU-2971,0.0
PU-2972,0.0
PU-2973,0.0
PU-2974,0.0
PU-2975,0.0
PU-2976,0.0
PU-2977,0.0
PU-2978,0.0
PU-2979,0.0
PU-2980,0.0
PU-2981,0.0
PU-2982,0.0
PU-2983,0.0
PU-2984,0.0
PU-2985,0.0
PU-2986,0.0
PU-2987,0.0
PU-2988,0.0
PU-2989,0.0
PU-2990,0.0
PU-2991,0.0
PU-2992,0.0
PU-2993,0.0
PU-2994,0.0
PU-2995,0.0
PU-2996,0.0
PU-2997,0.0
PU-2998,0.0
PU-2999,0.0
PU-3000,0.0
PU-3001,0.0
PU-3002,0.0
PU-3003,0.0
PU-3004,0.0
PU-3005,0.0
PU-3006,0.0
PU-3007,0.0
PU-3008,0.0
PU-3009,0.0
PU-3010,0.0
PU-3011,0.0
PU-3012,0.0
PU-3013,0.0
PU-3014,0.0
PU-3015,0.0
PU-3016,0.0
PU-3017,0.0
PU-3018,0.0
PU-3019,0.0
PU-3020,0.0
PU-3021,0.0
PU-3022,0.0
PU-3023,0.0
PU-3024,0.0
PU-3025,0.0
PU-3026,0.0
PU-3027,0.0
PU-3028,0.0
PU-3029,0.0
PU-3030,0.0
PU-3031,0.0
PU-3032,0.0
PU-3033,0.0
PU-3034,0.0
PU-3035,0.0
PU-3036,0.0
PU-3037,0.0
PU-3038,0.0
PU-3039,0.0
PU-3040,0.0
PU-3041,0.0
PU-3042,0.0
PU-3043,0.0
PU-3044,0.0
PU-3045,0.0
PU-3046,0.0
PU-3047,0.0
PU-3048,0.0
PU-3049,0.0
PU-3050,0.0
PU-3051,0.0
PU-3052,0.0
PU-3053,0.0
PU-3054,0.0
PU-3055,0.0
PU-3056,0.0
PU-3057,0.0
PU-3058,0.0
PU-3059,0.0
PU-3060,0.0
PU-3061,0.0
PU-3062,0.0
PU-3063,0.0
PU-3064,0.0
PU-3065,0.0
PU-3066,0.0
PU-3067,0.0
PU-3068,0.0
PU-3069,0.0
PU-3070,0.0
PU-3071,0.0
PU-3072,0.0
PU-3073,0.0
PU-3074,0.0
PU-3075,0.0
PU-3076,0.0
PU-3077,0.0
PU-3078,0.0
PU-3079,0.0
PU-3080,0.0
PU-3081,0.0
PU-3082,0.0
PU-3083,0.0
PU-3084,0.0
PU-3085,0.0
PU-3086,0.0
PU-3087,0.0
PU-3088,0.0
PU-3089,0.0
PU-3090,0.0
PU-3091,0.0
PU-3092,0.0
PU-3093,0.0
PU-3094,0.0
PU-3095,0.0
PU-3096,0.0
PU-3097,0.0
PU-3098,0.0
PU-3099,0.0
PU-3100,0.0
PU-3101,0.0
PU-3102,0.0
PU-3103,0.0
PU-3104,0.0
PU-3105,0.0
PU-3106,0.0
PU-3107,0.0
PU-3108,0.0
PU-3109,0.0
PU-3110,0.0
PU-3111,0.0
PU-3112,0.0
PU-3113,0.0
PU-3114,0.0
PU-3115,0.0
PU-3116,0.0
PU-3117,0.0
PU-3118,0.0
PU-3119,0.0
PU-3120,0.0
PU-3121,0.0
PU-3122,0.0
PU-3123,0.0
PU-3124,0.0
PU-3125,0.0
PU-3126,0.0
PU-3127,0.0
PU-3128,0.0
PU-3129,0.0
PU-3130,0.0
PU-3131,0.0
PU-3132,0.0
PU-3133,0.0
PU-3134,0.0
PU-3135,0.0
PU-3136,0.0
PU-3137,0.0
PU-3138,0.0
PU-3139,0.0
PU-3140,0.0
PU-3141,0.0
PU-3142,0.0
PU-3143,0.0
PU-3144,0.0
PU-3145,0.0
PU-3146,0.0
PU-3147,0.0
PU-3148,0.0
PU-3149,0.0
PU-3150,0.0
PU-3151,0.0
PU-3152,0.0
PU-3153,0.0
PU-3154,0.0
PU-3155,0.0
PU-3156,0.0
PU-3157,0.0
PU-3158,0.0
PU-3159,0.0
PU-3160,0.0
PU-3161,0.0
PU-3162,0.0
PU-3163,0.0
PU-3164,0.0
PU-3165,0.0
PU-3166,0.0
PU-3167,0.0
PU-3168,0.0
PU-3169,0.0
PU-3170,0.0
PU-3171,0.0
PU-3172,0.0
PU-3173,0.0
PU-3174,0.0
PU-3175,0.0
PU-3176,0.0
PU-3177,0.0
PU-3178,0.0
PU-3179,0.0
PU-3180,0.0
PU-3181,0.0
PU-3182,0.0
PU-3183,0.0
PU-3184,0.0
PU-3185,0.0
PU-3186,0.0
PU-3187,0.0
PU-3188,0.0
PU-3189,0.0
PU-3190,0.0
PU-3191,0.0
PU-3192,0.0
PU-3193,0.0
PU-3194,0.0
PU-3195,0.0
PU-3196,0.0
PU-3197,0.0
PU-3198,0.0
PU-3199,0.0
PU-3200,0.0
PU-3201,0.0
PU-3202,0.0
PU-3203,0.0
PU-3204,0.0
PU-3205,0.0
PU-3206,0.0
PU-3207,0.0
PU-3208,0.0
PU-3209,0.0
PU-3210,0.0
PU-3211,0.0
PU-3212,0.0
PU-3213,0.0
PU-3214,0.0
PU-3215,0.0
PU-3216,0.0
PU-3217,0.0
PU-3218,0.0
PU-3219,0.0
PU-3220,0.0
PU-3221,0.0
PU-3222,0.0
PU-3223,0.0
PU-3224,0.0
PU-3225,0.0
PU-3226,0.0
PU-3227,0.0
PU-3228,0.0
PU-3229,0.0
PU-3230,0.0
PU-3231,0.0
PU-3232,0.0
PU-3233,0.0
PU-3234,0.0
PU-3235,0.0
PU-3236,0.0
PU-3237,0.0
PU-3238,0.0
PU-3239,0.0
PU-3240,0.0
PU-3241,0.0
PU-3242,0.0
PU-3243,0.0
PU-3244,0.0
PU-3245,0.0
PU-3246,0.0
PU-3247,0.0
PU-3248,0.0
PU-3249,0.0
PU-3250,0.0
PU-3251,0.0
PU-3252,0.0
PU-3253,0.0
PU-3254,0.0
PU-3255,0.0
PU-3256,0.0
PU-3257,0.0
PU-3258,0.0
PU-3259,0.0
PU-3260,0.0
PU-3261,0.0
PU-3262,0.0
PU-3263,0.0
PU-3264,0.0
PU-3265,0.0
PU-3266,0.0
PU-3267,0.0
PU-3268,0.0
PU-3269,0.0
PU-3270,0.0
PU-3271,0.0
PU-3272,0.0
PU-3273,0.0
PU-3274,0.0
PU-3275,0.0
PU-3276,0.0
PU-3277,0.0
PU-3278,0.0
PU-3279,0.0
PU-3280,0.0
PU-3281,0.0
PU-3282,0.0
PU-3283,0.0
PU-3284,0.0
PU-3285,0.0
PU-3286,0.0
PU-3287,0.0
PU-3288,0.0
PU-3289,0.0
PU-3290,0.0
PU-3291,0.0
PU-3292,0.0
PU-3293,0.0
PU-3294,0.0
PU-3295,0.0
PU-3296,0.0
PU-3297,0.0
PU-3298,0.0
PU-3299,0.0
PU-3300,0.0
PU-3301,0.0
PU-3302,0.0
PU-3303,0.0
PU-3304,0.0
PU-3305,0.0
PU-3306,0.0
PU-3307,0.0
PU-3308,0.0
PU-3309,0.0
PU-3310,0.0
PU-3311,0.0
PU-3312,0.0
PU-3313,0.0
PU-3314,0.0
PU-3315,0.0
PU-3316,0.0
PU-3317,0.0
PU-3318,0.0
PU-3319,0.0
PU-3320,0.0
PU-3321,0.0
PU-3322,0.0
PU-3323,0.0
PU-3324,0.0
PU-3325,0.0
PU-3326,0.0
PU-3327,0.0
PU-3328,0.0
PU-3329,0.0
PU-3330,0.0
PU-3331,0.0
PU-3332,0.0
PU-3333,0.0
PU-3334,0.0
PU-3335,0.0
PU-3336,0.0
PU-3337,0.0
PU-3338,0.0
PU-3339,0.0
PU-3340,0.0
PU-3341,0.0
PU-3342,0.0
PU-3343,0.0
PU-3344,0.0
PU-3345,0.0
PU-3346,0.0
PU-3347,0.0
PU-3348,0.0
PU-3349,0.0
PU-3350,0.0
PU-3351,0.0
PU-3352,0.0
PU-3353,0.0
PU-3354,0.0
PU-3355,0.0
PU-3356,0.0
PU-3357,0.0
PU-3358,0.0
PU-3359,0.0
PU-3360,0.0
PU-3361,0.0
PU-3362,0.0
PU-3363,0.0
PU-3364,0.0
PU-3365,0.0
PU-3366,0.0
PU-3367,0.0
PU-3368,0.0
PU-3369,0.0
PU-3370,0.0
PU-3371,0.0
PU-3372,0.0
PU-3373,0.0
PU-3374,0.0
PU-3375,0.0
PU-3376,0.0
PU-3377,0.0
PU-3378,0.0
PU-3379,0.0
PU-3380,0.0
PU-3381,0.0
PU-3382,0.0
PU-3383,0.0
PU-3384,0.0
PU-3385,0.0
PU-3386,0.0
PU-3387,0.0
PU-3388,0.0
PU-3389,0.0
PU-3390,0.0
PU-3391,0.0
PU-3392,0.0
PU-3393,0.0
PU-3394,0.0
PU-3395,0.0
PU-3396,0.0
PU-3397,0.0
PU-3398,0.0
PU-3399,0.0
PU-3400,0.0
PU-3401,0.0
PU-3402,0.0
PU-3403,0.0
PU-3404,0.0
PU-3405,0.0
PU-3406,0.0
PU-3407,0.0
PU-3408,0.0
PU-3409,0.0
PU-3410,0.0
PU-3411,0.0
PU-3412,0.0
PU-3413,0.0
PU-3414,0.0
PU-3415,0.0
PU-3416,0.0
PU-3417,0.0
PU-3418,0.0
PU-3419,0.0
PU-3420,0.0
PU-3421,0.0
PU-3422,0.0
PU-3423,0.0
PU-3424,0.0
PU-3425,0.0
PU-3426,0.0
PU-3427,0.0
PU-3428,0.0
PU-3429,0.0
PU-3430,0.0
PU-3431,0.0
PU-3432,0.0
PU-3433,0.0
PU-3434,0.0
PU-3435,0.0
PU-3436,0.0
PU-3437,0.0
PU-3438,0.0
PU-3439,0.0
PU-3440,0.0
PU-3441,0.0
PU-3442,0.0
PU-3443,0.0
PU-3444,0.0
PU-3445,0.0
PU-3446,0.0
PU-3447,0.0
PU-3448,0.0
PU-3449,0.0
PU-3450,0.0
PU-3451,0.0
PU-3452,0.0
PU-3453,0.0
PU-3454,0.0
PU-3455,0.0
PU-3456,0.0
PU-3457,0.0
PU-3458,0.0
PU-3459,0.0
PU-3460,0.0
PU-3461,0.0
PU-3462,0.0
PU-3463,0.0
PU-3464,0.0
PU-3465,0.0
PU-3466,0.0
PU-3467,0.0
PU-3468,0.0
PU-3469,0.0
PU-3470,0.0
PU-3471,0.0
PU-3472,0.0
PU-3473,0.0
PU-3474,0.0
PU-3475,0.0
PU-3476,0.0
PU-3477,0.0
PU-3478,0.0
PU-3479,0.0
PU-3480,0.0
PU-3481,0.0
PU-3482,0.0
PU-3483,0.0
PU-3484,0.0
PU-3485,0.0
PU-3486,0.0
PU-3487,0.0
PU-3488,0.0
PU-3489,0.0
PU-3490,0.0
PU-3491,0.0
PU-3492,0.0
PU-3493,0.0
PU-3494,0.0
PU-3495,0.0
PU-3496,0.0
PU-3497,0.0
PU-3498,0.0
PU-3499,0.0
PU-3500,0.0
PU-3501,0.0
PU-3502,0.0
PU-3503,0.0
PU-3504,0.0
PU-3505,0.0
PU-3506,0.0
PU-3507,0.0
PU-3508,0.0
PU-3509,0.0
PU-3510,0.0
PU-3511,0.0
PU-3512,0.0
PU-3513,0.0
PU-3514,0.0
PU-3515,0.0
PU-3516,0.0
PU-3517,0.0
PU-3518,0.0
PU-3519,0.0
PU-3520,0.0
PU-3521,0.0
PU-3522,0.0
PU-3523,0.0
PU-3524,0.0
PU-3525,0.0
PU-3526,0.0
PU-3527,0.0
PU-3528,0.0
PU-3529,0.0
PU-3530,0.0
PU-3531,0.0
PU-3532,0.0
PU-3533,0.0
PU-3534,0.0
PU-3535,0.0
PU-3536,0.0
PU-3537,0.0
PU-3538,0.0
PU-3539,0.0
PU-3540,0.0
PU-3541,0.0
PU-3542,0.0
PU-3543,0.0
PU-3544,0.0
PU-3545,0.0
PU-3546,0.0
PU-3547,0.0
PU-3548,0.0
PU-3549,0.0
PU-3550,0.0
PU-3551,0.0
PU-3552,0.0
PU-3553,0.0
PU-3554,0.0
PU-3555,0.0
PU-3556,0.0
PU-3557,0.0
PU-3558,0.0
PU-3559,0.0
PU-3560,0.0
PU-3561,0.0
PU-3562,0.0
PU-3563,0.0
PU-3564,0.0
PU-3565,0.0
PU-3566,0.0
PU-3567,0.0
PU-3568,0.0
PU-3569,0.0
PU-3570,0.0
PU-3571,0.0
PU-3572,0.0
PU-3573,0.0
PU-3574,0.0
PU-3575,0.0
PU-3576,0.0
PU-3577,0.0
PU-3578,0.0
PU-3579,0.0
PU-3580,0.0
PU-3581,0.0
PU-3582,0.0
PU-3583,0.0
PU-3584,0.0
PU-3585,0.0
PU-3586,0.0
PU-3587,0.0
PU-3588,0.0
PU-3589,0.0
PU-3590,0.0
PU-3591,0.0
PU-3592,0.0
PU-3593,0.0
PU-3594,0.0
PU-3595,0.0
PU-3596,0.0
PU-3597,0.0
PU-3598,0.0
PU-3599,0.0
PU-3600,0.0
PU-3601,0.0
PU-3602,0.0
PU-3603,0.0
PU-3604,0.0
PU-3605,0.0
PU-3606,0.0
PU-3607,0.0
PU-3608,0.0
PU-3609,0.0
PU-3610,0.0
PU-3611,0.0
PU-3612,0.0
PU-3613,0.0
PU-3614,0.0
PU-3615,0.0
PU-3616,0.0
PU-3617,0.0
PU-3618,0.0
PU-3619,0.0
PU-3620,0.0
PU-3621,0.0
PU-3622,0.0
PU-3623,0.0
PU-3624,0.0
PU-3625,0.0
PU-3626,0.0
PU-3627,0.0
PU-3628,0.0
PU-3629,0.0
PU-3630,0.0
PU-3631,0.0
PU-3632,0.0
PU-3633,0.0
PU-3634,0.0
PU-3635,0.0
PU-3636,0.0
PU-3637,0.0
PU-3638,0.0
PU-3639,0.0
PU-3640,0.0
PU-3641,0.0
PU-3642,0.0
PU-3643,0.0
PU-3644,0.0
PU-3645,0.0
PU-3646,0.0
PU-3647,0.0
PU-3648,0.0
PU-3649,0.0
PU-3650,0.0
PU-3651,0.0
PU-3652,0.0
PU-3653,0.0
PU-3654,0.0
PU-3655,0.0
PU-3656,0.0
PU-3657,0.0
PU-3658,0.0
PU-3659,0.0
PU-3660,0.0
PU-3661,0.0
PU-3662,0.0
PU-3663,0.0
PU-3664,0.0
PU-3665,0.0
PU-3666,0.0
PU-3667,0.0
PU-3668,0.0
PU-3669,0.0
PU-3670,0.0
PU-3671,0.0
PU-3672,0.0
PU-3673,0.0
PU-3674,0.0
PU-3675,0.0
PU-3676,0.0
PU-3677,0.0
PU-3678,0.0
PU-3679,0.0
PU-3680,0.0
PU-3681,0.0
PU-3682,0.0
PU-3683,0.0
PU-3684,0.0
PU-3685,0.0
PU-3686,0.0
PU-3687,0.0
PU-3688,0.0
PU-3689,0.0
PU-3690,0.0
PU-3691,0.0
PU-3692,0.0
PU-3693,0.0
PU-3694,0.0
PU-3695,0.0
PU-3696,0.0
PU-3697,0.0
PU-3698,0.0
PU-3699,0.0
PU-3700,0.0
PU-3701,0.0
PU-3702,0.0
PU-3703,0.0
PU-3704,0.0
PU-3705,0.0
PU-3706,0.0
PU-3707,0.0
PU-3708,0.0
PU-3709,0.0
PU-3710,0.0
PU-3711,0.0
PU-3712,0.0
PU-3713,0.0
PU-3714,0.0
PU-3715,0.0
PU-3716,0.0
PU-3717,0.0
PU-3718,0.0
PU-3719,0.0
PU-3720,0.0
PU-3721,0.0
PU-3722,0.0
PU-3723,0.0
PU-3724,0.0
PU-3725,0.0
PU-3726,0.0
PU-3727,0.0
PU-3728,0.0
PU-3729,0.0
PU-3730,0.0
PU-3731,0.0
PU-3732,0.0
PU-3733,0.0
PU-3734,0.0
PU-3735,0.0
PU-3736,0.0
PU-3737,0.0
PU-3738,0.0
PU-3739,0.0
PU-3740,0.0
PU-3741,0.0
PU-3742,0.0
PU-3743,0.0
PU-3744,0.0
PU-3745,0.0
PU-3746,0.0
PU-3747,0.0
PU-3748,0.0
PU-3749,0.0
PU-3750,0.0
PU-3751,0.0
PU-3752,0.0
PU-3753,0.0
PU-3754,0.0
PU-3755,0.0
PU-3756,0.0
PU-3757,0.0
PU-3758,0.0
PU-3759,0.0
PU-3760,0.0
PU-3761,0.0
PU-3762,0.0
PU-3763,0.0
PU-3764,0.0
PU-3765,0.0
PU-3766,0.0
PU-3767,0.0
PU-3768,0.0
PU-3769,0.0
PU-3770,0.0
PU-3771,0.0
PU-3772,0.0
PU-3773,0.0
PU-3774,0.0
PU-3775,0.0
PU-3776,0.0
PU-3777,0.0
PU-3778,0.0
PU-3779,0.0
PU-3780,0.0
PU-3781,0.0
PU-3782,0.0
PU-3783,0.0
PU-3784,0.0
PU-3785,0.0
PU-3786,0.0
PU-3787,0.0
PU-3788,0.0
PU-3789,0.0
PU-3790,0.0
PU-3791,0.0
PU-3792,0.0
PU-3793,0.0
PU-3794,0.0
PU-3795,0.0
PU-3796,0.0
PU-3797,0.0
PU-3798,0.0
PU-3799,0.0
PU-3800,0.0
PU-3801,0.0
PU-3802,0.0
PU-3803,0.0
PU-3804,0.0
PU-3805,0.0
PU-3806,0.0
PU-3807,0.0
PU-3808,0.0
PU-3809,0.0
PU-3810,0.0
PU-3811,0.0
PU-3812,0.0
PU-3813,0.0
PU-3814,0.0
PU-3815,0.0
PU-3816,0.0
PU-3817,0.0
PU-3818,0.0
PU-3819,0.0
PU-3820,0.0
PU-3821,0.0
PU-3822,0.0
PU-3823,0.0
PU-3824,0.0
PU-3825,0.0
PU-3826,0.0
PU-3827,0.0
PU-3828,0.0
PU-3829,0.0
PU-3830,0.0
PU-3831,0.0
PU-3832,0.0
PU-3833,0.0
PU-3834,0.0
PU-3835,0.0
PU-3836,0.0
PU-3837,0.0
PU-3838,0.0
PU-3839,0.0
PU-3840,0.0
PU-3841,0.0
PU-3842,0.0
PU-3843,0.0
PU-3844,0.0
PU-3845,0.0
PU-3846,0.0
PU-3847,0.0
PU-3848,0.0
PU-3849,0.0
PU-3850,0.0
PU-3851,0.0
PU-3852,0.0
PU-3853,0.0
PU-3854,0.0
PU-3855,0.0
PU-3856,0.0
PU-3857,0.0
PU-3858,0.0
PU-3859,0.0
PU-3860,0.0
PU-3861,0.0
PU-3862,0.0
PU-3863,0.0
PU-3864,0.0
PU-3865,0.0
PU-3866,0.0
PU-3867,0.0
PU-3868,0.0
PU-3869,0.0
PU-3870,0.0
PU-3871,0.0
PU-3872,0.0
PU-3873,0.0
PU-3874,0.0
PU-3875,0.0
PU-3876,0.0
PU-3877,0.0
PU-3878,0.0
PU-3879,0.0
PU-3880,0.0
PU-3881,0.0
PU-3882,0.0
PU-3883,0.0
PU-3884,0.0
PU-3885,0.0
PU-3886,0.0
PU-3887,0.0
PU-3888,0.0
PU-3889,0.0
PU-3890,0.0
PU-3891,0.0
PU-3892,0.0
PU-3893,0.0
PU-3894,0.0
PU-3895,0.0
PU-3896,0.0
PU-3897,0.0
PU-3898,0.0
PU-3899,0.0
PU-3900,0.0
PU-3901,0.0
PU-3902,0.0
PU-3903,0.0
PU-3904,0.0
PU-3905,0.0
PU-3906,0.0
PU-3907,0.0
PU-3908,0.0
PU-3909,0.0
PU-3910,0.0
PU-3911,0.0
PU-3912,0.0
PU-3913,0.0
PU-3914,0.0
PU-3915,0.0
PU-3916,0.0
PU-3917,0.0
PU-3918,0.0
PU-3919,0.0
PU-3920,0.0
PU-3921,0.0
PU-3922,0.0
PU-3923,0.0
PU-3924,0.0
PU-3925,0.0
PU-3926,0.0
PU-3927,0.0
PU-3928,0.0
PU-3929,0.0
PU-3930,0.0
PU-3931,0.0
PU-3932,0.0
PU-3933,0.0
PU-3934,0.0
PU-3935,0.0
PU-3936,0.0
PU-3937,0.0
PU-3938,0.0
PU-3939,0.0
PU-3940,0.0
PU-3941,0.0
PU-3942,0.0
PU-3943,0.0
PU-3944,0.0
PU-3945,0.0
PU-3946,0.0
PU-3947,0.0
PU-3948,0.0
PU-3949,0.0
PU-3950,0.0
PU-3951,0.0
PU-3952,0.0
PU-3953,0.0
PU-3954,0.0
PU-3955,0.0
PU-3956,0.0
PU-3957,0.0
PU-3958,0.0
PU-3959,0.0
PU-3960,0.0
PU-3961,0.0
PU-3962,0.0
PU-3963,0.0
PU-3964,0.0
PU-3965,0.0
PU-3966,0.0
PU-3967,0.0
PU-3968,0.0
PU-3969,0.0
PU-3970,0.0
PU-3971,0.0
PU-3972,0.0
PU-3973,0.0
PU-3974,0.0
PU-3975,0.0
PU-3976,0.0
PU-3977,0.0
PU-3978,0.0
PU-3979,0.0
PU-3980,0.0
PU-3981,0.0
PU-3982,0.0
PU-3983,0.0
PU-3984,0.0
PU-3985,0.0
PU-3986,0.0
PU-3987,0.0
PU-3988,0.0
PU-3989,0.0
PU-3990,0.0
PU-3991,0.0
PU-3992,0.0
PU-3993,0.0
PU-3994,0.0
PU-3995,0.0
PU-3996,0.0
PU-3997,0.0
PU-3998,0.0
PU-3999,0.0
PU-4000,0.0
PU-4001,0.0
PU-4002,0.0
PU-4003,0.0
PU-4004,0.0
PU-4005,0.0
PU-4006,0.0
PU-4007,0.0
PU-4008,0.0
PU-4009,0.0
PU-4010,0.0
PU-4011,0.0
PU-4012,0.0
PU-4013,0.0
PU-4014,0.0
PU-4015,0.0
PU-4016,0.0
PU-4017,0.0
PU-4018,0.0
PU-4019,0.0
PU-4020,0.0
PU-4021,0.0
PU-4022,0.0
PU-4023,0.0
PU-4024,0.0
PU-4025,0.0
PU-4026,0.0
PU-4027,0.0
PU-4028,0.0
PU-4029,0.0
PU-4030,0.0
PU-4031,0.0
PU-4032,0.0
PU-4033,0.0
PU-4034,0.0
PU-4035,0.0
PU-4036,0.0
PU-4037,0.0
PU-4038,0.0
PU-4039,0.0
PU-4040,0.0
PU-4041,0.0
PU-4042,0.0
PU-4043,0.0
PU-4044,0.0
PU-4045,0.0
PU-4046,0.0
PU-4047,0.0
PU-4048,0.0
PU-4049,0.0
PU-4050,0.0
PU-4051,0.0
PU-4052,0.0
PU-4053,0.0
PU-4054,0.0
PU-4055,0.0
PU-4056,0.0
PU-4057,0.0
PU-4058,0.0
PU-4059,0.0
PU-4060,0.0
PU-4061,0.0
PU-4062,0.0
PU-4063,0.0
PU-4064,0.0
PU-4065,0.0
PU-4066,0.0
PU-4067,0.0
PU-4068,0.0
PU-4069,0.0
PU-4070,0.0
PU-4071,0.0
PU-4072,0.0
PU-4073,0.0
PU-4074,0.0
PU-4075,0.0
PU-4076,0.0
PU-4077,0.0
PU-4078,0.0
PU-4079,0.0
PU-4080,0.0
PU-4081,0.0
PU-4082,0.0
PU-4083,0.0
PU-4084,0.0
PU-4085,0.0
PU-4086,0.0
PU-4087,0.0
PU-4088,0.0
PU-4089,0.0
PU-4090,0.0
PU-4091,0.0
PU-4092,0.0
PU-4093,0.0
PU-4094,0.0
PU-4095,0.0
PU-4096,0.0
PU-4097,0.0
PU-4098,0.0
PU-4099,0.0
PU-4100,0.0
PU-4101,0.0
PU-4102,0.0
PU-4103,0.0
PU-4104,0.0
PU-4105,0.0
PU-4106,0.0
PU-4107,0.0
PU-4108,0.0
PU-4109,0.0
PU-4110,0.0
PU-4111,0.0
PU-4112,0.0
PU-4113,0.0
PU-4114,0.0
PU-4115,0.0
PU-4116,0.0
PU-4117,0.0
PU-4118,0.0
PU-4119,0.0
PU-4120,0.0
PU-4121,0.0
PU-4122,0.0
PU-4123,0.0
PU-4124,0.0
PU-4125,0.0
PU-4126,0.0
PU-4127,0.0
PU-4128,0.0
PU-4129,0.0
PU-4130,0.0
PU-4131,0.0
PU-4132,0.0
PU-4133,0.0
PU-4134,0.0
PU-4135,0.0
PU-4136,0.0
PU-4137,0.0
PU-4138,0.0
PU-4139,0.0
PU-4140,0.0
PU-4141,0.0
PU-4142,0.0
PU-4143,0.0
PU-4144,0.0
PU-4145,0.0
PU-4146,0.0
PU-4147,0.0
PU-4148,0.0
PU-4149,0.0
PU-4150,0.0
PU-4151,0.0
PU-4152,0.0
PU-4153,0.0
PU-4154,0.0
PU-4155,0.0
PU-4156,0.0
PU-4157,0.0
PU-4158,0.0
PU-4159,0.0
PU-4160,0.0
PU-4161,0.0
PU-4162,0.0
PU-4163,0.0
PU-4164,0.0
PU-4165,0.0
PU-4166,0.0
PU-4167,0.0
PU-4168,0.0
PU-4169,0.0
PU-4170,0.0
PU-4171,0.0
PU-4172,0.0
PU-4173,0.0
PU-4174,0.0
PU-4175,0.0
PU-4176,0.0
PU-4177,0.0
PU-4178,0.0
PU-4179,0.0
PU-4180,0.0
PU-4181,0.0
PU-4182,0.0
PU-4183,0.0
PU-4184,0.0
PU-4185,0.0
PU-4186,0.0
PU-4187,0.0
PU-4188,0.0
PU-4189,0.0
PU-4190,0.0
PU-4191,0.0
PU-4192,0.0
PU-4193,0.0
PU-4194,0.0
PU-4195,0.0
PU-4196,0.0
PU-4197,0.0
PU-4198,0.0
PU-4199,0.0
PU-4200,0.0
PU-4201,0.0
PU-4202,0.0
PU-4203,0.0
PU-4204,0.0
PU-4205,0.0
PU-4206,0.0
PU-4207,0.0
PU-4208,0.0
PU-4209,0.0
PU-4210,0.0
PU-4211,0.0
PU-4212,0.0
PU-4213,0.0
PU-4214,0.0
PU-4215,0.0
PU-4216,0.0
PU-4217,0.0
PU-4218,0.0
PU-4219,0.0
PU-4220,0.0
PU-4221,0.0
PU-4222,0.0
PU-4223,0.0
PU-4224,0.0
PU-4225,0.0
PU-4226,0.0
PU-4227,0.0
PU-4228,0.0
PU-4229,0.0
PU-4230,0.0
PU-4231,0.0
PU-4232,0.0
PU-4233,0.0
PU-4234,0.0
PU-4235,0.0
PU-4236,0.0
PU-4237,0.0
PU-4238,0.0
PU-4239,0.0
PU-4240,0.0
PU-4241,0.0
PU-4242,0.0
PU-4243,0.0
PU-4244,0.0
PU-4245,0.0
PU-4246,0.0
PU-4247,0.0
PU-4248,0.0
PU-4249,0.0
PU-4250,0.0
PU-4251,0.0
PU-4252,0.0
PU-4253,0.0
PU-4254,0.0
PU-4255,0.0
PU-4256,0.0
PU-4257,0.0
PU-4258,0.0
PU-4259,0.0
PU-4260,0.0
PU-4261,0.0
PU-4262,0.0
PU-4263,0.0
PU-4264,0.0
PU-4265,0.0
PU-4266,0.0
PU-4267,0.0
PU-4268,0.0
PU-4269,0.0
PU-4270,0.0
PU-4271,0.0
PU-4272,0.0
PU-4273,0.0
PU-4274,0.0
PU-4275,0.0
PU-4276,0.0
PU-4277,0.0
PU-4278,0.0
PU-4279,0.0
PU-4280,0.0
PU-4281,0.0
PU-4282,0.0
PU-4283,0.0
PU-4284,0.0
PU-4285,0.0
PU-4286,0.0
PU-4287,0.0
PU-4288,0.0
PU-4289,0.0
PU-4290,0.0
PU-4291,0.0
PU-4292,0.0
PU-4293,0.0
PU-4294,0.0
PU-4295,0.0
PU-4296,0.0
PU-4297,0.0
PU-4298,0.0
PU-4299,0.0
PU-4300,0.0
PU-4301,0.0
PU-4302,0.0
PU-4303,0.0
PU-4304,0.0
PU-4305,0.0
PU-4306,0.0
PU-4307,0.0
PU-4308,0.0
PU-4309,0.0
PU-4310,0.0
PU-4311,0.0
PU-4312,0.0
PU-4313,0.0
PU-4314,0.0
PU-4315,0.0
PU-4316,0.0
PU-4317,0.0
PU-4318,0.0
PU-4319,0.0
PU-4320,0.0
PU-4321,0.0
PU-4322,0.0
PU-4323,0.0
PU-4324,0.0
PU-4325,0.0
PU-4326,0.0
PU-4327,0.0
PU-4328,0.0
PU-4329,0.0
PU-4330,0.0
PU-4331,0.0
PU-4332,0.0
PU-4333,0.0
PU-4334,0.0
PU-4335,0.0
PU-4336,0.0
PU-4337,0.0
PU-4338,0.0
PU-4339,0.0
PU-4340,0.0
PU-4341,0.0
PU-4342,0.0
PU-4343,0.0
PU-4344,0.0
PU-4345,0.0
PU-4346,0.0
PU-4347,0.0
PU-4348,0.0
PU-4349,0.0
PU-4350,0.0
PU-4351,0.0
PU-4352,0.0
PU-4353,0.0
PU-4354,0.0
PU-4355,0.0
PU-4356,0.0
PU-4357,0.0
PU-4358,0.0
PU-4359,0.0
PU-4360,0.0
PU-4361,0.0
PU-4362,0.0
PU-4363,0.0
PU-4364,0.0
PU-4365,0.0
PU-4366,0.0
PU-4367,0.0
PU-4368,0.0
PU-4369,0.0
PU-4370,0.0
PU-4371,0.0
PU-4372,0.0
PU-4373,0.0
PU-4374,0.0
PU-4375,0.0
PU-4376,0.0
PU-4377,0.0
PU-4378,0.0
PU-4379,0.0
PU-4380,0.0
PU-4381,0.0
PU-4382,0.0
PU-4383,0.0
PU-4384,0.0
PU-4385,0.0
PU-4386,0.0
PU-4387,0.0
PU-4388,0.0
PU-4389,0.0
PU-4390,0.0
PU-4391,0.0
PU-4392,0.0
PU-4393,0.0
PU-4394,0.0
PU-4395,0.0
PU-4396,0.0
PU-4397,0.0
PU-4398,0.0
PU-4399,0.0
PU-4400,0.0
PU-4401,0.0
PU-4402,0.0
PU-4403,0.0
PU-4404,0.0
PU-4405,0.0
PU-4406,0.0
PU-4407,0.0
PU-4408,0.0
PU-4409,0.0
PU-4410,0.0
PU-4411,0.0
PU-4412,0.0
PU-4413,0.0
PU-4414,0.0
PU-4415,0.0
PU-4416,0.0
PU-4417,0.0
PU-4418,0.0
PU-4419,0.0
PU-4420,0.0
PU-4421,0.0
PU-4422,0.0
PU-4423,0.0
PU-4424,0.0
PU-4425,0.0
PU-4426,0.0
PU-4427,0.0
PU-4428,0.0
PU-4429,0.0
PU-4430,0.0
PU-4431,0.0
PU-4432,0.0
PU-4433,0.0
PU-4434,0.0
PU-4435,0.0
PU-4436,0.0
PU-4437,0.0
PU-4438,0.0
PU-4439,0.0
PU-4440,0.0
PU-4441,0.0
PU-4442,0.0
PU-4443,0.0
PU-4444,0.0
PU-4445,0.0
PU-4446,0.0
PU-4447,0.0
PU-4448,0.0
PU-4449,0.0
PU-4450,0.0
PU-4451,0.0
PU-4452,0.0
PU-4453,0.0
PU-4454,0.0
PU-4455,0.0
PU-4456,0.0
PU-4457,0.0
PU-4458,0.0
PU-4459,0.0
PU-4460,0.0
PU-4461,0.0
PU-4462,0.0
PU-4463,0.0
PU-4464,0.0
PU-4465,0.0
PU-4466,0.0
PU-4467,0.0
PU-4468,0.0
PU-4469,0.0
PU-4470,0.0
PU-4471,0.0
PU-4472,0.0
PU-4473,0.0
PU-4474,0.0
PU-4475,0.0
PU-4476,0.0
PU-4477,0.0
PU-4478,0.0
PU-4479,0.0
PU-4480,0.0
PU-4481,0.0
PU-4482,0.0
PU-4483,0.0
PU-4484,0.0
PU-4485,0.0
PU-4486,0.0
PU-4487,0.0
PU-4488,0.0
PU-4489,0.0
PU-4490,0.0
PU-4491,0.0
PU-4492,0.0
PU-4493,0.0
PU-4494,0.0
PU-4495,0.0
PU-4496,0.0
PU-4497,0.0
PU-4498,0.0
PU-4499,0.0
PU-4500,0.0
PU-4501,0.0
PU-4502,0.0
PU-4503,0.0
PU-4504,0.0
PU-4505,0.0
PU-4506,0.0
PU-4507,0.0
PU-4508,0.0
PU-4509,0.0
PU-4510,0.0
PU-4511,0.0
PU-4512,0.0
PU-4513,0.0
PU-4514,0.0
PU-4515,0.0
PU-4516,0.0
PU-4517,0.0
PU-4518,0.0
PU-4519,0.0
PU-4520,0.0
PU-4521,0.0
PU-4522,0.0
PU-4523,0.0
PU-4524,0.0
PU-4525,0.0
PU-4526,0.0
PU-4527,0.0
PU-4528,0.0
PU-4529,0.0
PU-4530,0.0
PU-4531,0.0
PU-4532,0.0
PU-4533,0.0
PU-4534,0.0
PU-4535,0.0
PU-4536,0.0
PU-4537,0.0
PU-4538,0.0
PU-4539,0.0
PU-4540,0.0
PU-4541,0.0
PU-4542,0.0
PU-4543,0.0
PU-4544,0.0
PU-4545,0.0
PU-4546,0.0
PU-4547,0.0
PU-4548,0.0
PU-4549,0.0
PU-4550,0.0
PU-4551,0.0
PU-4552,0.0
PU-4553,0.0
PU-4554,0.0
PU-4555,0.0
PU-4556,0.0
PU-4557,0.0
PU-4558,0.0
PU-4559,0.0
PU-4560,0.0
PU-4561,0.0
PU-4562,0.0
PU-4563,0.0
PU-4564,0.0
PU-4565,0.0
PU-4566,0.0
PU-4567,0.0
PU-4568,0.0
PU-4569,0.0
PU-4570,0.0
PU-4571,0.0
PU-4572,0.0
PU-4573,0.0
PU-4574,0.0
PU-4575,0.0
PU-4576,0.0
PU-4577,0.0
PU-4578,0.0
PU-4579,0.0
PU-4580,0.0
PU-4581,0.0
PU-4582,0.0
PU-4583,0.0
PU-4584,0.0
PU-4585,0.0
PU-4586,0.0
PU-4587,0.0
PU-4588,0.0
PU-4589,0.0
PU-4590,0.0
PU-4591,0.0
PU-4592,0.0
PU-4593,0.0
PU-4594,0.0
PU-4595,0.0
PU-4596,0.0
PU-4597,0.0
PU-4598,0.0
PU-4599,0.0
PU-4600,0.0
PU-4601,0.0
PU-4602,0.0
PU-4603,0.0
PU-4604,0.0
PU-4605,0.0
PU-4606,0.0
PU-4607,0.0
PU-4608,0.0
PU-4609,0.0
PU-4610,0.0
PU-4611,0.0
PU-4612,0.0
PU-4613,0.0
PU-4614,0.0
PU-4615,0.0
PU-4616,0.0
PU-4617,0.0
PU-4618,0.0
PU-4619,0.0
PU-4620,0.0
PU-4621,0.0
PU-4622,0.0
PU-4623,0.0
PU-4624,0.0
PU-4625,0.0
PU-4626,0.0
PU-4627,0.0
PU-4628,0.0
PU-4629,0.0
PU-4630,0.0
PU-4631,0.0
PU-4632,0.0
PU-4633,0.0
PU-4634,0.0
PU-4635,0.0
PU-4636,0.0
PU-4637,0.0
PU-4638,0.0
PU-4639,0.0
PU-4640,0.0
PU-4641,0.0
PU-4642,0.0
PU-4643,0.0
PU-4644,0.0
PU-4645,0.0
PU-4646,0.0
PU-4647,0.0
PU-4648,0.0
PU-4649,0.0
PU-4650,0.0
PU-4651,0.0
PU-4652,0.0
PU-4653,0.0
PU-4654,0.0
PU-4655,0.0
PU-4656,0.0
PU-4657,0.0
PU-4658,0.0
PU-4659,0.0
PU-4660,0.0
PU-4661,0.0
PU-4662,0.0
PU-4663,0.0
PU-4664,0.0
PU-4665,0.0
PU-4666,0.0
PU-4667,0.0
PU-4668,0.0
PU-4669,0.0
PU-4670,0.0
PU-4671,0.0
PU-4672,0.0
PU-4673,0.0
PU-4674,0.0
PU-4675,0.0
PU-4676,0.0
PU-4677,0.0
PU-4678,0.0
PU-4679,0.0
PU-4680,0.0
PU-4681,0.0
PU-4682,0.0
PU-4683,0.0
PU-4684,0.0
PU-4685,0.0
PU-4686,0.0
PU-4687,0.0
PU-4688,0.0
PU-4689,0.0
PU-4690,0.0
PU-4691,0.0
PU-4692,0.0
PU-4693,0.0
PU-4694,0.0
PU-4695,0.0
PU-4696,0.0
PU-4697,0.0
PU-4698,0.0
PU-4699,0.0
PU-4700,0.0
PU-4701,0.0
PU-4702,0.0
PU-4703,0.0
PU-4704,0.0
PU-4705,0.0
PU-4706,0.0
PU-4707,0.0
PU-4708,0.0
PU-4709,0.0
PU-4710,0.0
PU-4711,0.0
PU-4712,0.0
PU-4713,0.0
PU-4714,0.0
PU-4715,0.0
PU-4716,0.0
PU-4717,0.0
PU-4718,0.0
PU-4719,0.0
PU-4720,0.0
PU-4721,0.0
PU-4722,0.0
PU-4723,0.0
PU-4724,0.0
PU-4725,0.0
PU-4726,0.0
PU-4727,0.0
PU-4728,0.0
PU-4729,0.0
PU-4730,0.0
PU-4731,0.0
PU-4732,0.0
PU-4733,0.0
PU-4734,0.0
PU-4735,0.0
PU-4736,0.0
PU-4737,0.0
PU-4738,0.0
PU-4739,0.0
PU-4740,0.0
PU-4741,0.0
PU-4742,0.0
PU-4743,0.0
PU-4744,0.0
PU-4745,0.0
PU-4746,0.0
PU-4747,0.0
PU-4748,0.0
PU-4749,0.0
PU-4750,0.0
PU-4751,0.0
PU-4752,0.0
PU-4753,0.0
PU-4754,0.0
PU-4755,0.0
PU-4756,0.0
PU-4757,0.0
PU-4758,0.0
PU-4759,0.0
PU-4760,0.0
PU-4761,0.0
PU-4762,0.0
PU-4763,0.0
PU-4764,0.0
PU-4765,0.0
PU-4766,0.0
PU-4767,0.0
PU-4768,0.0
PU-4769,0.0
PU-4770,0.0
PU-4771,0.0
PU-4772,0.0
PU-4773,0.0
PU-4774,0.0
PU-4775,0.0
PU-4776,0.0
PU-4777,0.0
PU-4778,0.0
PU-4779,0.0
PU-4780,0.0
PU-4781,0.0
PU-4782,0.0
PU-4783,0.0
PU-4784,0.0
PU-4785,0.0
PU-4786,0.0
PU-4787,0.0
PU-4788,0.0
PU-4789,0.0
PU-4790,0.0
PU-4791,0.0
PU-4792,0.0
PU-4793,0.0
PU-4794,0.0
PU-4795,0.0
PU-4796,0.0
PU-4797,0.0
PU-4798,0.0
PU-4799,0.0
PU-4800,0.0
PU-4801,0.0
PU-4802,0.0
PU-4803,0.0
PU-4804,0.0
PU-4805,0.0
PU-4806,0.0
PU-4807,0.0
PU-4808,0.0
PU-4809,0.0
PU-4810,0.0
PU-4811,0.0
PU-4812,0.0
PU-4813,0.0
PU-4814,0.0
PU-4815,0.0
PU-4816,0.0
PU-4817,0.0
PU-4818,0.0
PU-4819,0.0
PU-4820,0.0
PU-4821,0.0
PU-4822,0.0
PU-4823,0.0
PU-4824,0.0
PU-4825,0.0
PU-4826,0.0
PU-4827,0.0
PU-4828,0.0
PU-4829,0.0
PU-4830,0.0
PU-4831,0.0
PU-4832,0.0
PU-4833,0.0
PU-4834,0.0
PU-4835,0.0
PU-4836,0.0
PU-4837,0.0
PU-4838,0.0
PU-4839,0.0
PU-4840,0.0
PU-4841,0.0
PU-4842,0.0
PU-4843,0.0
PU-4844,0.0
PU-4845,0.0
PU-4846,0.0
PU-4847,0.0
PU-4848,0.0
PU-4849,0.0
PU-4850,0.0
PU-4851,0.0
PU-4852,0.0
PU-4853,0.0
PU-4854,0.0
PU-4855,0.0
PU-4856,0.0
PU-4857,0.0
PU-4858,0.0
PU-4859,0.0
PU-4860,0.0
PU-4861,0.0
PU-4862,0.0
PU-4863,0.0
PU-4864,0.0
PU-4865,0.0
PU-4866,0.0
PU-4867,0.0
PU-4868,0.0
PU-4869,0.0
PU-4870,0.0
PU-4871,0.0
PU-4872,0.0
PU-4873,0.0
PU-4874,0.0
PU-4875,0.0
PU-4876,0.0
PU-4877,0.0
PU-4878,0.0
PU-4879,0.0
PU-4880,0.0
PU-4881,0.0
PU-4882,0.0
PU-4883,0.0
PU-4884,0.0
PU-4885,0.0
PU-4886,0.0
PU-4887,0.0
PU-4888,0.0
PU-4889,0.0
PU-4890,0.0
PU-4891,0.0
PU-4892,0.0
PU-4893,0.0
PU-4894,0.0
PU-4895,0.0
PU-4896,0.0
PU-4897,0.0
PU-4898,0.0
PU-4899,0.0
PU-4900,0.0
PU-4901,0.0
PU-4902,0.0
PU-4903,0.0
PU-4904,0.0
PU-4905,0.0
PU-4906,0.0
PU-4907,0.0
PU-4908,0.0
PU-4909,0.0
PU-4910,0.0
PU-4911,0.0
PU-4912,0.0
PU-4913,0.0
PU-4914,0.0
PU-4915,0.0
PU-4916,0.0
PU-4917,0.0
PU-4918,0.0
PU-4919,0.0
PU-4920,0.0
PU-4921,0.0
PU-4922,0.0
PU-4923,0.0
PU-4924,0.0
PU-4925,0.0
PU-4926,0.0
PU-4927,0.0
PU-4928,0.0
PU-4929,0.0
PU-4930,0.0
PU-4931,0.0
PU-4932,0.0
PU-4933,0.0
PU-4934,0.0
PU-4935,0.0
PU-4936,0.0
PU-4937,0.0
PU-4938,0.0
PU-4939,0.0
PU-4940,0.0
PU-4941,0.0
PU-4942,0.0
PU-4943,0.0
PU-4944,0.0
PU-4945,0.0
PU-4946,0.0
PU-4947,0.0
PU-4948,0.0
PU-4949,0.0
PU-4950,0.0
PU-4951,0.0
PU-4952,0.0
PU-4953,0.0
PU-4954,0.0
PU-4955,0.0
PU-4956,0.0
PU-4957,0.0
PU-4958,0.0
PU-4959,0.0
PU-4960,0.0
PU-4961,0.0
PU-4962,0.0
PU-4963,0.0
PU-4964,0.0
PU-4965,0.0
PU-4966,0.0
PU-4967,0.0
PU-4968,0.0
PU-4969,0.0
PU-4970,0.0
PU-4971,0.0
PU-4972,0.0
PU-4973,0.0
PU-4974,0.0
PU-4975,0.0
PU-4976,0.0
PU-4977,0.0
PU-4978,0.0
PU-4979,0.0
PU-4980,0.0
PU-4981,0.0
PU-4982,0.0
PU-4983,0.0
PU-4984,0.0
PU-4985,0.0
PU-4986,0.0
PU-4987,0.0
PU-4988,0.0
PU-4989,0.0
PU-4990,0.0
PU-4991,0.0
PU-4992,0.0
PU-4993,0.0
PU-4994,0.0
PU-4995,0.0
PU-4996,0.0
PU-4997,0.0
PU-4998,0.0
PU-4999,0.0
PU-5000,0.0
PU-5001,0.0
PU-5002,0.0
PU-5003,0.0
PU-5004,0.0
PU-5005,0.0
PU-5006,0.0
PU-5007,0.0
PU-5008,0.0
PU-5009,0.0
PU-5010,0.0
PU-5011,0.0
PU-5012,0.0
PU-5013,0.0
PU-5014,0.0
PU-5015,0.0
PU-5016,0.0
PU-5017,0.0
PU-5018,0.0
PU-5019,0.0
PU-5020,0.0
PU-5021,0.0
PU-5022,0.0
PU-5023,0.0
PU-5024,0.0
PU-5025,0.0
PU-5026,0.0
PU-5027,0.0
PU-5028,0.0
PU-5029,0.0
PU-5030,0.0
PU-5031,0.0
PU-5032,0.0
PU-5033,0.0
PU-5034,0.0
PU-5035,0.0
PU-5036,0.0
PU-5037,0.0
PU-5038,0.0
PU-5039,0.0
PU-5040,0.0
PU-5041,0.0
PU-5042,0.0
PU-5043,0.0
PU-5044,0.0
PU-5045,0.0
PU-5046,0.0
PU-5047,0.0
PU-5048,0.0
PU-5049,0.0
PU-5050,0.0
PU-5051,0.0
PU-5052,0.0
PU-5053,0.0
PU-5054,0.0
PU-5055,0.0
PU-5056,0.0
PU-5057,0.0
PU-5058,0.0
PU-5059,0.0
PU-5060,0.0
PU-5061,0.0
PU-5062,0.0
PU-5063,0.0
PU-5064,0.0
PU-5065,0.0
PU-5066,0.0
PU-5067,0.0
PU-5068,0.0
PU-5069,0.0
PU-5070,0.0
PU-5071,0.0
PU-5072,0.0
PU-5073,0.0
PU-5074,0.0
PU-5075,0.0
PU-5076,0.0
PU-5077,0.0
PU-5078,0.0
PU-5079,0.0
PU-5080,0.0
PU-5081,0.0
PU-5082,0.0
PU-5083,0.0
PU-5084,0.0
PU-5085,0.0
PU-5086,0.0
PU-5087,0.0
PU-5088,0.0
PU-5089,0.0
PU-5090,0.0
PU-5091,0.0
PU-5092,0.0
PU-5093,0.0
PU-5094,0.0
PU-5095,0.0
PU-5096,0.0
PU-5097,0.0
PU-5098,0.0
PU-5099,0.0
PU-5100,0.0
PU-5101,0.0
PU-5102,0.0
PU-5103,0.0
PU-5104,0.0
PU-5105,0.0
PU-5106,0.0
PU-5107,0.0
PU-5108,0.0
PU-5109,0.0
PU-5110,0.0
PU-5111,0.0
PU-5112,0.0
PU-5113,0.0
PU-5114,0.0
PU-5115,0.0
PU-5116,0.0
PU-5117,0.0
PU-5118,0.0
PU-5119,0.0
PU-5120,0.0
PU-5121,0.0
PU-5122,0.0
PU-5123,0.0
PU-5124,0.0
PU-5125,0.0
PU-5126,0.0
PU-5127,0.0
PU-5128,0.0
PU-5129,0.0
PU-5130,0.0
PU-5131,0.0
PU-5132,0.0
PU-5133,0.0
PU-5134,0.0
PU-5135,0.0
PU-5136,0.0
PU-5137,0.0
PU-5138,0.0
PU-5139,0.0
PU-5140,0.0
PU-5141,0.0
PU-5142,0.0
PU-5143,0.0
PU-5144,0.0
PU-5145,0.0
PU-5146,0.0
PU-5147,0.0
PU-5148,0.0
PU-5149,0.0
PU-5150,0.0
PU-5151,0.0
PU-5152,0.0
PU-5153,0.0
PU-5154,0.0
PU-5155,0.0
PU-5156,0.0
PU-5157,0.0
PU-5158,0.0
PU-5159,0.0
PU-5160,0.0
PU-5161,0.0
PU-5162,0.0
PU-5163,0.0
PU-5164,0.0
PU-5165,0.0
PU-5166,0.0
PU-5167,0.0
PU-5168,0.0
PU-5169,0.0
PU-5170,0.0
PU-5171,0.0
PU-5172,0.0
PU-5173,0.0
PU-5174,0.0
PU-5175,0.0
PU-5176,0.0
PU-5177,0.0
PU-5178,0.0
PU-5179,0.0
PU-5180,0.0
PU-5181,0.0
PU-5182,0.0
PU-5183,0.0
PU-5184,0.0
PU-5185,0.0
PU-5186,0.0
PU-5187,0.0
PU-5188,0.0
PU-5189,0.0
PU-5190,0.0
PU-5191,0.0
PU-5192,0.0
PU-5193,0.0
PU-5194,0.0
PU-5195,0.0
PU-5196,0.0
PU-5197,0.0
PU-5198,0.0
PU-5199,0.0
PU-5200,0.0
PU-5201,0.0
PU-5202,0.0
PU-5203,0.0
PU-5204,0.0
PU-5205,0.0
PU-5206,0.0
PU-5207,0.0
PU-5208,0.0
PU-5209,0.0
PU-5210,0.0
PU-5211,0.0
PU-5212,0.0
PU-5213,0.0
PU-5214,0.0
PU-5215,0.0
PU-5216,0.0
PU-5217,0.0
PU-5218,0.0
PU-5219,0.0
PU-5220,0.0
PU-5221,0.0
PU-5222,0.0
PU-5223,0.0
PU-5224,0.0
PU-5225,0.0
PU-5226,0.0
PU-5227,0.0
PU-5228,0.0
PU-5229,0.0
PU-5230,0.0
PU-5231,0.0
PU-5232,0.0
PU-5233,0.0
PU-5234,0.0
PU-5235,0.0
PU-5236,0.0
PU-5237,0.0
PU-5238,0.0
PU-5239,0.0
PU-5240,0.0
PU-5241,0.0
PU-5242,0.0
PU-5243,0.0
PU-5244,0.0
PU-5245,0.0
PU-5246,0.0
PU-5247,0.0
PU-5248,0.0
PU-5249,0.0
PU-5250,0.0
PU-5251,0.0
PU-5252,0.0
PU-5253,0.0
PU-5254,0.0
PU-5255,0.0
PU-5256,0.0
PU-5257,0.0
PU-5258,0.0
PU-5259,0.0
PU-5260,0.0
PU-5261,0.0
PU-5262,0.0
PU-5263,0.0
PU-5264,0.0
PU-5265,0.0
PU-5266,0.0
PU-5267,0.0
PU-5268,0.0
PU-5269,0.0
PU-5270,0.0
PU-5271,0.0
PU-5272,0.0
PU-5273,0.0
PU-5274,0.0
PU-5275,0.0
PU-5276,0.0
PU-5277,0.0
PU-5278,0.0
PU-5279,0.0
PU-5280,0.0
PU-5281,0.0
PU-5282,0.0
PU-5283,0.0
PU-5284,0.0
PU-5285,0.0
PU-5286,0.0
PU-5287,0.0
PU-5288,0.0
PU-5289,0.0
PU-5290,0.0
PU-5291,0.0
PU-5292,0.0
PU-5293,0.0
PU-5294,0.0
PU-5295,0.0
PU-5296,0.0
PU-5297,0.0
PU-5298,0.0
PU-5299,0.0
PU-5300,0.0
PU-5301,0.0
PU-5302,0.0
PU-5303,0.0
PU-5304,0.0
PU-5305,0.0
PU-5306,0.0
PU-5307,0.0
PU-5308,0.0
PU-5309,0.0
PU-5310,0.0
PU-5311,0.0
PU-5312,0.0
PU-5313,0.0
PU-5314,0.0
PU-5315,0.0
PU-5316,0.0
PU-5317,0.0
PU-5318,0.0
PU-5319,0.0
PU-5320,0.0
PU-5321,0.0
PU-5322,0.0
PU-5323,0.0
PU-5324,0.0
PU-5325,0.0
PU-5326,0.0
PU-5327,0.0
PU-5328,0.0
PU-5329,0.0
PU-5330,0.0
PU-5331,0.0
PU-5332,0.0
PU-5333,0.0
PU-5334,0.0
PU-5335,0.0
PU-5336,0.0
PU-5337,0.0
PU-5338,0.0
PU-5339,0.0
PU-5340,0.0
PU-5341,0.0
PU-5342,0.0
PU-5343,0.0
PU-5344,0.0
PU-5345,0.0
PU-5346,0.0
PU-5347,0.0
PU-5348,0.0
PU-5349,0.0
PU-5350,0.0
PU-5351,0.0
PU-5352,0.0
PU-5353,0.0
PU-5354,0.0
PU-5355,0.0
PU-5356,0.0
PU-5357,0.0
PU-5358,0.0
PU-5359,0.0
PU-5360,0.0
PU-5361,0.0
PU-5362,0.0
PU-5363,0.0
PU-5364,0.0
PU-5365,0.0
PU-5366,0.0
PU-5367,0.0
PU-5368,0.0
PU-5369,0.0
PU-5370,0.0
PU-5371,0.0
PU-5372,0.0
PU-5373,0.0
PU-5374,0.0
PU-5375,0.0
PU-5376,0.0
PU-5377,0.0
PU-5378,0.0
PU-5379,0.0
PU-5380,0.0
PU-5381,0.0
PU-5382,0.0
PU-5383,0.0
PU-5384,0.0
PU-5385,0.0
PU-5386,0.0
PU-5387,0.0
PU-5388,0.0
PU-5389,0.0
PU-5390,0.0
PU-5391,0.0
PU-5392,0.0
PU-5393,0.0
PU-5394,0.0
PU-5395,0.0
PU-5396,0.0
PU-5397,0.0
PU-5398,0.0
PU-5399,0.0
PU-5400,0.0
PU-5401,0.0
PU-5402,0.0
PU-5403,0.0
PU-5404,0.0
PU-5405,0.0
PU-5406,0.0
PU-5407,0.0
PU-5408,0.0
PU-5409,0.0
PU-5410,0.0
PU-5411,0.0
PU-5412,0.0
PU-5413,0.0
PU-5414,0.0
PU-5415,0.0
PU-5416,0.0
PU-5417,0.0
PU-5418,0.0
PU-5419,0.0
PU-5420,0.0
PU-5421,0.0
PU-5422,0.0
PU-5423,0.0
PU-5424,0.0
PU-5425,0.0
PU-5426,0.0
PU-5427,0.0
PU-5428,0.0
PU-5429,0.0
PU-5430,0.0
PU-5431,0.0
PU-5432,0.0
PU-5433,0.0
PU-5434,0.0
PU-5435,0.0
PU-5436,0.0
PU-5437,0.0
PU-5438,0.0
PU-5439,0.0
PU-5440,0.0
PU-5441,0.0
PU-5442,0.0
PU-5443,0.0
PU-5444,0.0
PU-5445,0.0
PU-5446,0.0
PU-5447,0.0
PU-5448,0.0
PU-5449,0.0
PU-5450,0.0
PU-5451,0.0
PU-5452,0.0
PU-5453,0.0
PU-5454,0.0
PU-5455,0.0
PU-5456,0.0
PU-5457,0.0
PU-5458,0.0
PU-5459,0.0
PU-5460,0.0
PU-5461,0.0
PU-5462,0.0
PU-5463,0.0
PU-5464,0.0
PU-5465,0.0
PU-5466,0.0
PU-5467,0.0
PU-5468,0.0
PU-5469,0.0
PU-5470,0.0
PU-5471,0.0
PU-5472,0.0
PU-5473,0.0
PU-5474,0.0
PU-5475,0.0
PU-5476,0.0
PU-5477,0.0
PU-5478,0.0
PU-5479,0.0
PU-5480,0.0
PU-5481,0.0
PU-5482,0.0
PU-5483,0.0
PU-5484,0.0
PU-5485,0.0
PU-5486,0.0
PU-5487,0.0
PU-5488,0.0
PU-5489,0.0
PU-5490,0.0
PU-5491,0.0
PU-5492,0.0
PU-5493,0.0
PU-5494,0.0
PU-5495,0.0
PU-5496,0.0
PU-5497,0.0
PU-5498,0.0
PU-5499,0.0
PU-5500,0.0
PU-5501,0.0
PU-5502,0.0
PU-5503,0.0
PU-5504,0.0
PU-5505,0.0
PU-5506,0.0
PU-5507,0.0
PU-5508,0.0
PU-5509,0.0
PU-5510,0.0
PU-5511,0.0
PU-5512,0.0
PU-5513,0.0
PU-5514,0.0
PU-5515,0.0
PU-5516,0.0
PU-5517,0.0
PU-5518,0.0
PU-5519,0.0
PU-5520,0.0
PU-5521,0.0
PU-5522,0.0
PU-5523,0.0
PU-5524,0.0
PU-5525,0.0
PU-5526,0.0
PU-5527,0.0
PU-5528,0.0
PU-5529,0.0
PU-5530,0.0
PU-5531,0.0
PU-5532,0.0
PU-5533,0.0
PU-5534,0.0
PU-5535,0.0
PU-5536,0.0
PU-5537,0.0
PU-5538,0.0
PU-5539,0.0
PU-5540,0.0
PU-5541,0.0
PU-5542,0.0
PU-5543,0.0
PU-5544,0.0
PU-5545,0.0
PU-5546,0.0
PU-5547,0.0
PU-5548,0.0
PU-5549,0.0
PU-5550,0.0
PU-5551,0.0
PU-5552,0.0
PU-5553,0.0
PU-5554,0.0
PU-5555,0.0
PU-5556,0.0
PU-5557,0.0
PU-5558,0.0
PU-5559,0.0
PU-5560,0.0
PU-5561,0.0
PU-5562,0.0
PU-5563,0.0
PU-5564,0.0
PU-5565,0.0
PU-5566,0.0
PU-5567,0.0
PU-5568,0.0
PU-5569,0.0
PU-5570,0.0
PU-5571,0.0
PU-5572,0.0
PU-5573,0.0
PU-5574,0.0
PU-5575,0.0
PU-5576,0.0
PU-5577,0.0
PU-5578,0.0
PU-5579,0.0
PU-5580,0.0
PU-5581,0.0
PU-5582,0.0
PU-5583,0.0
PU-5584,0.0
PU-5585,0.0
PU-5586,0.0
PU-5587,0.0
PU-5588,0.0
PU-5589,0.0
PU-5590,0.0
PU-5591,0.0
PU-5592,0.0
PU-5593,0.0
PU-5594,0.0
PU-5595,0.0
PU-5596,0.0
PU-5597,0.0
PU-5598,0.0
PU-5599,0.0
PU-5600,0.0
PU-5601,0.0
PU-5602,0.0
PU-5603,0.0
PU-5604,0.0
PU-5605,0.0
PU-5606,0.0
PU-5607,0.0
PU-5608,0.0
PU-5609,0.0
PU-5610,0.0
PU-5611,0.0
PU-5612,0.0
PU-5613,0.0
PU-5614,0.0
PU-5615,0.0
PU-5616,0.0
PU-5617,0.0
PU-5618,0.0
PU-5619,0.0
PU-5620,0.0
PU-5621,0.0
PU-5622,0.0
PU-5623,0.0
PU-5624,0.0
PU-5625,0.0
PU-5626,0.0
PU-5627,0.0
PU-5628,0.0
PU-5629,0.0
PU-5630,0.0
PU-5631,0.0
PU-5632,0.0
PU-5633,0.0
PU-5634,0.0
PU-5635,0.0
PU-5636,0.0
PU-5637,0.0
PU-5638,0.0
PU-5639,0.0
PU-5640,0.0
PU-5641,0.0
PU-5642,0.0
PU-5643,0.0
PU-5644,0.0
PU-5645,0.0
PU-5646,0.0
PU-5647,0.0
PU-5648,0.0
PU-5649,0.0
PU-5650,0.0
PU-5651,0.0
PU-5652,0.0
PU-5653,0.0
PU-5654,0.0
PU-5655,0.0
PU-5656,0.0
PU-5657,0.0
PU-5658,0.0
PU-5659,0.0
PU-5660,0.0
PU-5661,0.0
PU-5662,0.0
PU-5663,0.0
PU-5664,0.0
PU-5665,0.0
PU-5666,0.0
PU-5667,0.0
PU-5668,0.0
PU-5669,0.0
PU-5670,0.0
PU-5671,0.0
PU-5672,0.0
PU-5673,0.0
PU-5674,0.0
PU-5675,0.0
PU-5676,0.0
PU-5677,0.0
PU-5678,0.0
PU-5679,0.0
PU-5680,0.0
PU-5681,0.0
PU-5682,0.0
PU-5683,0.0
PU-5684,0.0
PU-5685,0.0
PU-5686,0.0
PU-5687,0.0
PU-5688,0.0
PU-5689,0.0
PU-5690,0.0
PU-5691,0.0
PU-5692,0.0
PU-5693,0.0
PU-5694,0.0
PU-5695,0.0
PU-5696,0.0
PU-5697,0.0
PU-5698,0.0
PU-5699,0.0
PU-5700,0.0
PU-5701,0.0
PU-5702,0.0
PU-5703,0.0
PU-5704,0.0
PU-5705,0.0
PU-5706,0.0
PU-5707,0.0
PU-5708,0.0
PU-5709,0.0
PU-5710,0.0
PU-5711,0.0
PU-5712,0.0
PU-5713,0.0
PU-5714,0.0
PU-5715,0.0
PU-5716,0.0
PU-5717,0.0
PU-5718,0.0
PU-5719,0.0
PU-5720,0.0
PU-5721,0.0
PU-5722,0.0
PU-5723,0.0
PU-5724,0.0
PU-5725,0.0
PU-5726,0.0
PU-5727,0.0
PU-5728,0.0
PU-5729,0.0
PU-5730,0.0
PU-5731,0.0
PU-5732,0.0
PU-5733,0.0
PU-5734,0.0
PU-5735,0.0
PU-5736,0.0
PU-5737,0.0
PU-5738,0.0
PU-5739,0.0
PU-5740,0.0
PU-5741,0.0
PU-5742,0.0
PU-5743,0.0
PU-5744,0.0
PU-5745,0.0
PU-5746,0.0
PU-5747,0.0
PU-5748,0.0
PU-5749,0.0
PU-5750,0.0
PU-5751,0.0
PU-5752,0.0
PU-5753,0.0
PU-5754,0.0
PU-5755,0.0
PU-5756,0.0
PU-5757,0.0
PU-5758,0.0
PU-5759,0.0
PU-5760,0.0
PU-5761,0.0
PU-5762,0.0
PU-5763,0.0
PU-5764,0.0
PU-5765,0.0
PU-5766,0.0
PU-5767,0.0
PU-5768,0.0
PU-5769,0.0
PU-5770,0.0
PU-5771,0.0
PU-5772,0.0
PU-5773,0.0
PU-5774,0.0
PU-5775,0.0
PU-5776,0.0
PU-5777,0.0
PU-5778,0.0
PU-5779,0.0
PU-5780,0.0
PU-5781,0.0
PU-5782,0.0
PU-5783,0.0
PU-5784,0.0
PU-5785,0.0
PU-5786,0.0
PU-5787,0.0
PU-5788,0.0
PU-5789,0.0
PU-5790,0.0
PU-5791,0.0
PU-5792,0.0
PU-5793,0.0
PU-5794,0.0
PU-5795,0.0
PU-5796,0.0
PU-5797,0.0
PU-5798,0.0
PU-5799,0.0
PU-5800,0.0
PU-5801,0.0
PU-5802,0.0
PU-5803,0.0
PU-5804,0.0
PU-5805,0.0
PU-5806,0.0
PU-5807,0.0
PU-5808,0.0
PU-5809,0.0
PU-5810,0.0
PU-5811,0.0
PU-5812,0.0
PU-5813,0.0
PU-5814,0.0
PU-5815,0.0
PU-5816,0.0
PU-5817,0.0
PU-5818,0.0
PU-5819,0.0
PU-5820,0.0
PU-5821,0.0
PU-5822,0.0
PU-5823,0.0
PU-5824,0.0
PU-5825,0.0
PU-5826,0.0
PU-5827,0.0
PU-5828,0.0
PU-5829,0.0
PU-5830,0.0
PU-5831,0.0
PU-5832,0.0
PU-5833,0.0
PU-5834,0.0
PU-5835,0.0
PU-5836,0.0
PU-5837,0.0
PU-5838,0.0
PU-5839,0.0
PU-5840,0.0
PU-5841,0.0
PU-5842,0.0
PU-5843,0.0
PU-5844,0.0
PU-5845,0.0
PU-5846,0.0
PU-5847,0.0
PU-5848,0.0
PU-5849,0.0
PU-5850,0.0
PU-5851,0.0
PU-5852,0.0
PU-5853,0.0
PU-5854,0.0
PU-5855,0.0
PU-5856,0.0
PU-5857,0.0
PU-5858,0.0
PU-5859,0.0
PU-5860,0.0
PU-5861,0.0
PU-5862,0.0
PU-5863,0.0
PU-5864,0.0
PU-5865,0.0
PU-5866,0.0
PU-5867,0.0
PU-5868,0.0
PU-5869,0.0
PU-5870,0.0
PU-5871,0.0
PU-5872,0.0
PU-5873,0.0
PU-5874,0.0
PU-5875,0.0
PU-5876,0.0